#
# There is insufficient memory for the Java Runtime Environment to continue.
# Native memory allocation (mmap) failed to map 130023424 bytes. Error detail: G1 virtual space
# Possible reasons:
#   The system is out of physical RAM or swap space
#   This process is running with CompressedOops enabled, and the Java Heap may be blocking the growth of the native heap
# Possible solutions:
#   Reduce memory load on the system
#   Increase physical memory or swap space
#   Check if swap backing store is full
#   Decrease Java heap size (-Xmx/-Xms)
#   Decrease number of Java threads
#   Decrease Java thread stack sizes (-Xss)
#   Set larger code cache with -XX:ReservedCodeCacheSize=
#   JVM is running with Unscaled Compressed Oops mode in which the Java heap is
#     placed in the first 4GB address space. The Java Heap base address is the
#     maximum limit for the native heap growth. Please use -XX:HeapBaseMinAddress
#     to set the Java Heap base and to place the Java Heap above 4GB virtual address.
# This output file may be truncated or incomplete.
#
#  Out of Memory Error (os_windows.cpp:3815), pid=28684, tid=11516
#
# JRE version: OpenJDK Runtime Environment (21.0.3) (build 21.0.3+-12282718-b509.11)
# Java VM: OpenJDK 64-Bit Server VM (21.0.3+-12282718-b509.11, mixed mode, tiered, compressed oops, compressed class ptrs, g1 gc, windows-amd64)
# No core dump will be written. Minidumps are not enabled by default on client versions of Windows
#

---------------  S U M M A R Y ------------

Command Line: --add-opens=java.base/java.util=ALL-UNNAMED --add-opens=java.base/java.lang=ALL-UNNAMED --add-opens=java.base/java.lang.invoke=ALL-UNNAMED --add-opens=java.prefs/java.util.prefs=ALL-UNNAMED --add-exports=jdk.compiler/com.sun.tools.javac.api=ALL-UNNAMED --add-exports=jdk.compiler/com.sun.tools.javac.util=ALL-UNNAMED --add-opens=java.base/java.nio.charset=ALL-UNNAMED --add-opens=java.base/java.net=ALL-UNNAMED --add-opens=java.base/java.util.concurrent.atomic=ALL-UNNAMED -Xmx2048m -Dfile.encoding=UTF-8 -Duser.country=KR -Duser.language=ko -Duser.variant -javaagent:C:\Users\dci06\.gradle\wrapper\dists\gradle-8.9-bin\90cnw93cvbtalezasaz0blq0a\gradle-8.9\lib\agents\gradle-instrumentation-agent-8.9.jar org.gradle.launcher.daemon.bootstrap.GradleDaemon 8.9

Host: Intel(R) Core(TM) Ultra 5 125H, 18 cores, 15G,  Windows 11 , 64 bit Build 26100 (10.0.26100.5074)
Time: Mon Sep 22 10:50:32 2025  Windows 11 , 64 bit Build 26100 (10.0.26100.5074) elapsed time: 1383.198305 seconds (0d 0h 23m 3s)

---------------  T H R E A D  ---------------

Current thread (0x000001b7d3daebf0):  VMThread "VM Thread"          [id=11516, stack(0x000000b71ae00000,0x000000b71af00000) (1024K)]

Stack: [0x000000b71ae00000,0x000000b71af00000]
Native frames: (J=compiled Java code, j=interpreted, Vv=VM code, C=native code)
V  [jvm.dll+0x6cafb9]
V  [jvm.dll+0x858523]
V  [jvm.dll+0x85aa7e]
V  [jvm.dll+0x85b163]
V  [jvm.dll+0x27d356]
V  [jvm.dll+0x6c7865]
V  [jvm.dll+0x6bbd3a]
V  [jvm.dll+0x35199b]
V  [jvm.dll+0x3595d6]
V  [jvm.dll+0x3aa826]
V  [jvm.dll+0x3aaaf8]
V  [jvm.dll+0x3240bc]
V  [jvm.dll+0x326ac6]
V  [jvm.dll+0x33092e]
V  [jvm.dll+0x3680c5]
V  [jvm.dll+0x860ac8]
V  [jvm.dll+0x861bc4]
V  [jvm.dll+0x862100]
V  [jvm.dll+0x862393]
V  [jvm.dll+0x800d78]
V  [jvm.dll+0x6c98cd]
C  [ucrtbase.dll+0x37b0]
C  [KERNEL32.DLL+0x2e8d7]
C  [ntdll.dll+0x8d9c]

VM_Operation (0x000000b71a9ff590): G1PauseRemark, mode: safepoint, requested by thread 0x000001b7bb9c2b80


---------------  P R O C E S S  ---------------

Threads class SMR info:
_java_thread_list=0x000001b7e70fcc00, length=191, elements={
0x000001b7b9557650, 0x000001b7d3eeaa40, 0x000001b7d3eed4b0, 0x000001b7d3eff720,
0x000001b7d3eca740, 0x000001b7d3ecb940, 0x000001b7d3ed8e60, 0x000001b7d3f0fed0,
0x000001b7d3f11720, 0x000001b7d3fb4740, 0x000001b7d43fbd30, 0x000001b7da3fe390,
0x000001b7da376c30, 0x000001b7da5694d0, 0x000001b7da55c9e0, 0x000001b7da55a910,
0x000001b7da55bcc0, 0x000001b7da879380, 0x000001b7da87adc0, 0x000001b7da87a730,
0x000001b7d4696570, 0x000001b7da87bae0, 0x000001b7e6575140, 0x000001b7e65757d0,
0x000001b7e6575e60, 0x000001b7da879a10, 0x000001b7da87c800, 0x000001b7da87e8d0,
0x000001b7da87b450, 0x000001b7e6108a40, 0x000001b7e6107000, 0x000001b7e6107d20,
0x000001b7e61083b0, 0x000001b7e61090d0, 0x000001b7dc555320, 0x000001b7dc5566d0,
0x000001b7dc5573f0, 0x000001b7dc557a80, 0x000001b7dc5559b0, 0x000001b7dc558110,
0x000001b7dc5587a0, 0x000001b7dc556040, 0x000001b7e7228170, 0x000001b7e7226dc0,
0x000001b7e7229520, 0x000001b7e7228800, 0x000001b7e7229bb0, 0x000001b7e7228e90,
0x000001b7e7226730, 0x000001b7e7227450, 0x000001b7de671f20, 0x000001b7de6725b0,
0x000001b7de672c40, 0x000001b7de671890, 0x000001b7e610d3a0, 0x000001b7e610da30,
0x000001b7e610e0c0, 0x000001b7e610c680, 0x000001b7e610cd10, 0x000001b7e610ac40,
0x000001b7e610b2d0, 0x000001b7e610b960, 0x000001b7e610bff0, 0x000001b7d41416e0,
0x000001b7d4141d70, 0x000001b7e561fc60, 0x000001b7e5620980, 0x000001b7da87c170,
0x000001b7da87ef60, 0x000001b7da8809a0, 0x000001b7e6107690, 0x000001b7e6109760,
0x000001b7e61062e0, 0x000001b7e666b910, 0x000001b7e666bfa0, 0x000001b7e666ccc0,
0x000001b7e666d9e0, 0x000001b7e666b280, 0x000001b7e666c630, 0x000001b7e666d350,
0x000001b7e666e070, 0x000001b7e666e700, 0x000001b7e7a00f20, 0x000001b7da87f5f0,
0x000001b7da87fc80, 0x000001b7da880310, 0x000001b7dfcb4c50, 0x000001b7e561f5d0,
0x000001b7dfcb38a0, 0x000001b7dfcb1e60, 0x000001b7dfcb3210, 0x000001b7dfcb45c0,
0x000001b7dfcb3f30, 0x000001b7dfcb24f0, 0x000001b7dfcb17d0, 0x000001b7dfcb52e0,
0x000001b7dfcb5970, 0x000001b7dfcb6000, 0x000001b7e5621010, 0x000001b7e56216a0,
0x000001b7e56202f0, 0x000001b7e5621d30, 0x000001b7e56223c0, 0x000001b7d94c0e00,
0x000001b7d94c2840, 0x000001b7e79fdaa0, 0x000001b7e79fe130, 0x000001b7e79ff4e0,
0x000001b7e7227ae0, 0x000001b7d4141050, 0x000001b7dce764f0, 0x000001b7dce75e60,
0x000001b7dce75140, 0x000001b7dce74ab0, 0x000001b7dce757d0, 0x000001b7dce73070,
0x000001b7dce73700, 0x000001b7dce73d90, 0x000001b7dce74420, 0x000001b7de0c8030,
0x000001b7de0c79a0, 0x000001b7de0c86c0, 0x000001b7de0c8d50, 0x000001b7de0c6c80,
0x000001b7de0c7310, 0x000001b7de0c93e0, 0x000001b7de0c9a70, 0x000001b7de0ca100,
0x000001b7e66690c0, 0x000001b7e66683a0, 0x000001b7e6669750, 0x000001b7d413ef80,
0x000001b7d413fca0, 0x000001b7dc3b8580, 0x000001b7dc3b6b40, 0x000001b7e6ce4e80,
0x000001b7e6ce5510, 0x000001b7e6ce3440, 0x000001b7e58d8cf0, 0x000001b7e58d72b0,
0x000001b7e58d9380, 0x000001b7dafab480, 0x000001b7dafaa760, 0x000001b7e70c1920,
0x000001b7e70bfee0, 0x000001b7e70c0c00, 0x000001b7e70c0570, 0x000001b7e70bf850,
0x000001b7e70c1290, 0x000001b7e70c2640, 0x000001b7e70c1fb0, 0x000001b7d94c4280,
0x000001b7d94c1490, 0x000001b7d94c3560, 0x000001b7d94c1b20, 0x000001b7e58d7940,
0x000001b7e58d7fd0, 0x000001b7e58d8660, 0x000001b7de4bd0c0, 0x000001b7de4bd750,
0x000001b7de4bf820, 0x000001b7e5cca220, 0x000001b7e5ccb5d0, 0x000001b7e5cca8b0,
0x000001b7e5ccaf40, 0x000001b7e5cc87e0, 0x000001b7e5cc8e70, 0x000001b7e6667680,
0x000001b7e6666960, 0x000001b7e6669de0, 0x000001b7e6666ff0, 0x000001b7e6667d10,
0x000001b7de4be470, 0x000001b7de4beb00, 0x000001b7e6ce2db0, 0x000001b7de4bf190,
0x000001b7dc3b71d0, 0x000001b7dc3b7ef0, 0x000001b7de4bca30, 0x000001b7decd1690,
0x000001b7e0082260, 0x000001b7d9514840, 0x000001b7d9518590, 0x000001b7e007ede0,
0x000001b7e5025320, 0x000001b7dcd1f8a0, 0x000001b7dcd1ff70, 0x000001b7dcd1dd60,
0x000001b7dcd1cfc0, 0x000001b7dcd1eb00, 0x000001b7dcd22850
}

Java Threads: ( => current thread )
  0x000001b7b9557650 JavaThread "main"                              [_thread_blocked, id=1368, stack(0x000000b71a700000,0x000000b71a800000) (1024K)]
  0x000001b7d3eeaa40 JavaThread "Reference Handler"          daemon [_thread_blocked, id=13432, stack(0x000000b71af00000,0x000000b71b000000) (1024K)]
  0x000001b7d3eed4b0 JavaThread "Finalizer"                  daemon [_thread_blocked, id=33236, stack(0x000000b71b000000,0x000000b71b100000) (1024K)]
  0x000001b7d3eff720 JavaThread "Signal Dispatcher"          daemon [_thread_blocked, id=24328, stack(0x000000b71b100000,0x000000b71b200000) (1024K)]
  0x000001b7d3eca740 JavaThread "Attach Listener"            daemon [_thread_blocked, id=9852, stack(0x000000b71b200000,0x000000b71b300000) (1024K)]
  0x000001b7d3ecb940 JavaThread "Service Thread"             daemon [_thread_blocked, id=1184, stack(0x000000b71b300000,0x000000b71b400000) (1024K)]
  0x000001b7d3ed8e60 JavaThread "Monitor Deflation Thread"   daemon [_thread_blocked, id=31520, stack(0x000000b71b400000,0x000000b71b500000) (1024K)]
  0x000001b7d3f0fed0 JavaThread "C2 CompilerThread0"         daemon [_thread_blocked, id=26332, stack(0x000000b71b500000,0x000000b71b600000) (1024K)]
  0x000001b7d3f11720 JavaThread "C1 CompilerThread0"         daemon [_thread_blocked, id=28200, stack(0x000000b71b600000,0x000000b71b700000) (1024K)]
  0x000001b7d3fb4740 JavaThread "Common-Cleaner"             daemon [_thread_blocked, id=24376, stack(0x000000b71b700000,0x000000b71b800000) (1024K)]
  0x000001b7d43fbd30 JavaThread "Notification Thread"        daemon [_thread_blocked, id=4152, stack(0x000000b71ba00000,0x000000b71bb00000) (1024K)]
  0x000001b7da3fe390 JavaThread "Daemon health stats"               [_thread_blocked, id=7488, stack(0x000000b71bd00000,0x000000b71be00000) (1024K)]
  0x000001b7da376c30 JavaThread "Incoming local TCP Connector on port 5650"        [_thread_in_native, id=31796, stack(0x000000b71c300000,0x000000b71c400000) (1024K)]
  0x000001b7da5694d0 JavaThread "Daemon periodic checks"            [_thread_blocked, id=29564, stack(0x000000b71c500000,0x000000b71c600000) (1024K)]
  0x000001b7da55c9e0 JavaThread "Cache worker for journal cache (C:\Users\dci06\.gradle\caches\journal-1)"        [_thread_blocked, id=33152, stack(0x000000b71d800000,0x000000b71d900000) (1024K)]
  0x000001b7da55a910 JavaThread "File lock request listener"        [_thread_in_native, id=7100, stack(0x000000b71d900000,0x000000b71da00000) (1024K)]
  0x000001b7da55bcc0 JavaThread "Cache worker for file hash cache (C:\Users\dci06\.gradle\caches\8.9\fileHashes)"        [_thread_blocked, id=10056, stack(0x000000b71da00000,0x000000b71db00000) (1024K)]
  0x000001b7da879380 JavaThread "File watcher server"        daemon [_thread_blocked, id=24288, stack(0x000000b71dd00000,0x000000b71de00000) (1024K)]
  0x000001b7da87adc0 JavaThread "File watcher consumer"      daemon [_thread_blocked, id=19472, stack(0x000000b71de00000,0x000000b71df00000) (1024K)]
  0x000001b7da87a730 JavaThread "Cache worker for file content cache (C:\Users\dci06\.gradle\caches\8.9\fileContent)"        [_thread_blocked, id=17744, stack(0x000000b71e000000,0x000000b71e100000) (1024K)]
  0x000001b7d4696570 JavaThread "Memory manager"                    [_thread_blocked, id=7120, stack(0x000000b721900000,0x000000b721a00000) (1024K)]
  0x000001b7da87bae0 JavaThread "Daemon Thread 6"                   [_thread_blocked, id=20524, stack(0x000000b71a400000,0x000000b71a500000) (1024K)]
  0x000001b7e6575140 JavaThread "Handler for socket connection from /127.0.0.1:5650 to /127.0.0.1:7373"        [_thread_in_native, id=13092, stack(0x000000b71a500000,0x000000b71a600000) (1024K)]
  0x000001b7e65757d0 JavaThread "Cancel handler"                    [_thread_blocked, id=20004, stack(0x000000b71a600000,0x000000b71a700000) (1024K)]
  0x000001b7e6575e60 JavaThread "Daemon worker Thread 6"            [_thread_blocked, id=34464, stack(0x000000b71b800000,0x000000b71b900000) (1024K)]
  0x000001b7da879a10 JavaThread "Asynchronous log dispatcher for DefaultDaemonConnection: socket connection from /127.0.0.1:5650 to /127.0.0.1:7373"        [_thread_blocked, id=12688, stack(0x000000b71b900000,0x000000b71ba00000) (1024K)]
  0x000001b7da87c800 JavaThread "Stdin handler"                     [_thread_blocked, id=35116, stack(0x000000b71bb00000,0x000000b71bc00000) (1024K)]
  0x000001b7da87e8d0 JavaThread "Daemon client event forwarder"        [_thread_blocked, id=24552, stack(0x000000b71bc00000,0x000000b71bd00000) (1024K)]
  0x000001b7da87b450 JavaThread "Cache worker for file hash cache (C:\Users\dci06\Desktop\UMC\FrontEnd\.gradle\8.9\fileHashes)"        [_thread_blocked, id=22128, stack(0x000000b71c400000,0x000000b71c500000) (1024K)]
  0x000001b7e6108a40 JavaThread "Cache worker for Build Output Cleanup Cache (C:\Users\dci06\Desktop\UMC\FrontEnd\.gradle\buildOutputCleanup)"        [_thread_blocked, id=26732, stack(0x000000b71c600000,0x000000b71c700000) (1024K)]
  0x000001b7e6107000 JavaThread "Cache worker for checksums cache (C:\Users\dci06\Desktop\UMC\FrontEnd\.gradle\8.9\checksums)"        [_thread_blocked, id=32852, stack(0x000000b71c700000,0x000000b71c800000) (1024K)]
  0x000001b7e6107d20 JavaThread "Cache worker for cache directory md-rule (C:\Users\dci06\.gradle\caches\8.9\md-rule)"        [_thread_blocked, id=27364, stack(0x000000b71c800000,0x000000b71c900000) (1024K)]
  0x000001b7e61083b0 JavaThread "Cache worker for cache directory md-supplier (C:\Users\dci06\.gradle\caches\8.9\md-supplier)"        [_thread_blocked, id=24668, stack(0x000000b71c900000,0x000000b71ca00000) (1024K)]
  0x000001b7e61090d0 JavaThread "Unconstrained build operations"        [_thread_blocked, id=34300, stack(0x000000b71df00000,0x000000b71e000000) (1024K)]
  0x000001b7dc555320 JavaThread "Unconstrained build operations Thread 2"        [_thread_blocked, id=5456, stack(0x000000b71e100000,0x000000b71e200000) (1024K)]
  0x000001b7dc5566d0 JavaThread "Unconstrained build operations Thread 3"        [_thread_blocked, id=9412, stack(0x000000b71e200000,0x000000b71e300000) (1024K)]
  0x000001b7dc5573f0 JavaThread "Unconstrained build operations Thread 4"        [_thread_blocked, id=24132, stack(0x000000b71e300000,0x000000b71e400000) (1024K)]
  0x000001b7dc557a80 JavaThread "Unconstrained build operations Thread 5"        [_thread_blocked, id=11520, stack(0x000000b71e400000,0x000000b71e500000) (1024K)]
  0x000001b7dc5559b0 JavaThread "Unconstrained build operations Thread 6"        [_thread_blocked, id=17052, stack(0x000000b71e500000,0x000000b71e600000) (1024K)]
  0x000001b7dc558110 JavaThread "Unconstrained build operations Thread 7"        [_thread_blocked, id=14076, stack(0x000000b71e600000,0x000000b71e700000) (1024K)]
  0x000001b7dc5587a0 JavaThread "Unconstrained build operations Thread 8"        [_thread_blocked, id=26952, stack(0x000000b71e700000,0x000000b71e800000) (1024K)]
  0x000001b7dc556040 JavaThread "Unconstrained build operations Thread 9"        [_thread_blocked, id=25784, stack(0x000000b71e800000,0x000000b71e900000) (1024K)]
  0x000001b7e7228170 JavaThread "Unconstrained build operations Thread 10"        [_thread_blocked, id=29428, stack(0x000000b71e900000,0x000000b71ea00000) (1024K)]
  0x000001b7e7226dc0 JavaThread "Unconstrained build operations Thread 11"        [_thread_blocked, id=20372, stack(0x000000b71ea00000,0x000000b71eb00000) (1024K)]
  0x000001b7e7229520 JavaThread "Unconstrained build operations Thread 12"        [_thread_blocked, id=17100, stack(0x000000b71eb00000,0x000000b71ec00000) (1024K)]
  0x000001b7e7228800 JavaThread "Unconstrained build operations Thread 13"        [_thread_blocked, id=35380, stack(0x000000b71ec00000,0x000000b71ed00000) (1024K)]
  0x000001b7e7229bb0 JavaThread "Unconstrained build operations Thread 14"        [_thread_blocked, id=11088, stack(0x000000b71ed00000,0x000000b71ee00000) (1024K)]
  0x000001b7e7228e90 JavaThread "Unconstrained build operations Thread 15"        [_thread_blocked, id=33872, stack(0x000000b71ee00000,0x000000b71ef00000) (1024K)]
  0x000001b7e7226730 JavaThread "Unconstrained build operations Thread 16"        [_thread_blocked, id=27612, stack(0x000000b71ef00000,0x000000b71f000000) (1024K)]
  0x000001b7e7227450 JavaThread "Unconstrained build operations Thread 17"        [_thread_blocked, id=11592, stack(0x000000b71f000000,0x000000b71f100000) (1024K)]
  0x000001b7de671f20 JavaThread "Unconstrained build operations Thread 18"        [_thread_blocked, id=21604, stack(0x000000b71f100000,0x000000b71f200000) (1024K)]
  0x000001b7de6725b0 JavaThread "Unconstrained build operations Thread 19"        [_thread_blocked, id=30500, stack(0x000000b71f200000,0x000000b71f300000) (1024K)]
  0x000001b7de672c40 JavaThread "Unconstrained build operations Thread 20"        [_thread_blocked, id=32804, stack(0x000000b71f300000,0x000000b71f400000) (1024K)]
  0x000001b7de671890 JavaThread "Unconstrained build operations Thread 21"        [_thread_blocked, id=24776, stack(0x000000b71f400000,0x000000b71f500000) (1024K)]
  0x000001b7e610d3a0 JavaThread "Unconstrained build operations Thread 22"        [_thread_blocked, id=4024, stack(0x000000b71f500000,0x000000b71f600000) (1024K)]
  0x000001b7e610da30 JavaThread "Unconstrained build operations Thread 23"        [_thread_blocked, id=31800, stack(0x000000b71f600000,0x000000b71f700000) (1024K)]
  0x000001b7e610e0c0 JavaThread "Unconstrained build operations Thread 24"        [_thread_blocked, id=30592, stack(0x000000b71f700000,0x000000b71f800000) (1024K)]
  0x000001b7e610c680 JavaThread "Unconstrained build operations Thread 25"        [_thread_blocked, id=34384, stack(0x000000b71f800000,0x000000b71f900000) (1024K)]
  0x000001b7e610cd10 JavaThread "Unconstrained build operations Thread 26"        [_thread_blocked, id=30984, stack(0x000000b71f900000,0x000000b71fa00000) (1024K)]
  0x000001b7e610ac40 JavaThread "Unconstrained build operations Thread 27"        [_thread_blocked, id=34308, stack(0x000000b71fa00000,0x000000b71fb00000) (1024K)]
  0x000001b7e610b2d0 JavaThread "Unconstrained build operations Thread 28"        [_thread_blocked, id=18948, stack(0x000000b71fb00000,0x000000b71fc00000) (1024K)]
  0x000001b7e610b960 JavaThread "Unconstrained build operations Thread 29"        [_thread_blocked, id=12940, stack(0x000000b71fc00000,0x000000b71fd00000) (1024K)]
  0x000001b7e610bff0 JavaThread "Unconstrained build operations Thread 30"        [_thread_blocked, id=35576, stack(0x000000b71fd00000,0x000000b71fe00000) (1024K)]
  0x000001b7d41416e0 JavaThread "Unconstrained build operations Thread 31"        [_thread_blocked, id=27396, stack(0x000000b71fe00000,0x000000b71ff00000) (1024K)]
  0x000001b7d4141d70 JavaThread "Unconstrained build operations Thread 32"        [_thread_blocked, id=11464, stack(0x000000b71ff00000,0x000000b720000000) (1024K)]
  0x000001b7e561fc60 JavaThread "Unconstrained build operations Thread 33"        [_thread_blocked, id=10328, stack(0x000000b720000000,0x000000b720100000) (1024K)]
  0x000001b7e5620980 JavaThread "Unconstrained build operations Thread 34"        [_thread_blocked, id=13164, stack(0x000000b720100000,0x000000b720200000) (1024K)]
  0x000001b7da87c170 JavaThread "build event listener"              [_thread_blocked, id=15424, stack(0x000000b720200000,0x000000b720300000) (1024K)]
  0x000001b7da87ef60 JavaThread "build event listener"              [_thread_blocked, id=23960, stack(0x000000b720300000,0x000000b720400000) (1024K)]
  0x000001b7da8809a0 JavaThread "included builds"                   [_thread_blocked, id=6140, stack(0x000000b720400000,0x000000b720500000) (1024K)]
  0x000001b7e6107690 JavaThread "Execution worker"                  [_thread_blocked, id=35296, stack(0x000000b720500000,0x000000b720600000) (1024K)]
  0x000001b7e6109760 JavaThread "Execution worker Thread 2"         [_thread_blocked, id=17032, stack(0x000000b720600000,0x000000b720700000) (1024K)]
  0x000001b7e61062e0 JavaThread "Execution worker Thread 3"         [_thread_blocked, id=24628, stack(0x000000b720700000,0x000000b720800000) (1024K)]
  0x000001b7e666b910 JavaThread "Execution worker Thread 4"         [_thread_blocked, id=10348, stack(0x000000b720800000,0x000000b720900000) (1024K)]
  0x000001b7e666bfa0 JavaThread "Execution worker Thread 5"         [_thread_blocked, id=27028, stack(0x000000b720900000,0x000000b720a00000) (1024K)]
  0x000001b7e666ccc0 JavaThread "Execution worker Thread 6"         [_thread_blocked, id=28780, stack(0x000000b720a00000,0x000000b720b00000) (1024K)]
  0x000001b7e666d9e0 JavaThread "Execution worker Thread 7"         [_thread_blocked, id=31568, stack(0x000000b720b00000,0x000000b720c00000) (1024K)]
  0x000001b7e666b280 JavaThread "Execution worker Thread 8"         [_thread_blocked, id=10636, stack(0x000000b720c00000,0x000000b720d00000) (1024K)]
  0x000001b7e666c630 JavaThread "Execution worker Thread 9"         [_thread_blocked, id=31872, stack(0x000000b720d00000,0x000000b720e00000) (1024K)]
  0x000001b7e666d350 JavaThread "Execution worker Thread 10"        [_thread_blocked, id=28052, stack(0x000000b720e00000,0x000000b720f00000) (1024K)]
  0x000001b7e666e070 JavaThread "Execution worker Thread 11"        [_thread_blocked, id=13460, stack(0x000000b720f00000,0x000000b721000000) (1024K)]
  0x000001b7e666e700 JavaThread "Execution worker Thread 12"        [_thread_blocked, id=12180, stack(0x000000b721000000,0x000000b721100000) (1024K)]
  0x000001b7e7a00f20 JavaThread "Execution worker Thread 13"        [_thread_blocked, id=31068, stack(0x000000b721100000,0x000000b721200000) (1024K)]
  0x000001b7da87f5f0 JavaThread "Execution worker Thread 14"        [_thread_blocked, id=14540, stack(0x000000b721200000,0x000000b721300000) (1024K)]
  0x000001b7da87fc80 JavaThread "Execution worker Thread 15"        [_thread_blocked, id=13124, stack(0x000000b721300000,0x000000b721400000) (1024K)]
  0x000001b7da880310 JavaThread "Execution worker Thread 16"        [_thread_blocked, id=1512, stack(0x000000b721400000,0x000000b721500000) (1024K)]
  0x000001b7dfcb4c50 JavaThread "Execution worker Thread 17"        [_thread_blocked, id=32252, stack(0x000000b721500000,0x000000b721600000) (1024K)]
  0x000001b7e561f5d0 JavaThread "Cache worker for execution history cache (C:\Users\dci06\Desktop\UMC\FrontEnd\.gradle\8.9\executionHistory)"        [_thread_blocked, id=29196, stack(0x000000b721600000,0x000000b721700000) (1024K)]
  0x000001b7dfcb38a0 JavaThread "Unconstrained build operations Thread 35"        [_thread_blocked, id=17712, stack(0x000000b721700000,0x000000b721800000) (1024K)]
  0x000001b7dfcb1e60 JavaThread "Unconstrained build operations Thread 36"        [_thread_blocked, id=21528, stack(0x000000b721800000,0x000000b721900000) (1024K)]
  0x000001b7dfcb3210 JavaThread "Unconstrained build operations Thread 37"        [_thread_blocked, id=31140, stack(0x000000b721a00000,0x000000b721b00000) (1024K)]
  0x000001b7dfcb45c0 JavaThread "Unconstrained build operations Thread 38"        [_thread_blocked, id=17016, stack(0x000000b721b00000,0x000000b721c00000) (1024K)]
  0x000001b7dfcb3f30 JavaThread "Unconstrained build operations Thread 39"        [_thread_blocked, id=18772, stack(0x000000b721c00000,0x000000b721d00000) (1024K)]
  0x000001b7dfcb24f0 JavaThread "Unconstrained build operations Thread 40"        [_thread_blocked, id=8676, stack(0x000000b721d00000,0x000000b721e00000) (1024K)]
  0x000001b7dfcb17d0 JavaThread "Unconstrained build operations Thread 41"        [_thread_blocked, id=1216, stack(0x000000b721e00000,0x000000b721f00000) (1024K)]
  0x000001b7dfcb52e0 JavaThread "Unconstrained build operations Thread 42"        [_thread_blocked, id=4076, stack(0x000000b721f00000,0x000000b722000000) (1024K)]
  0x000001b7dfcb5970 JavaThread "Unconstrained build operations Thread 43"        [_thread_blocked, id=34380, stack(0x000000b722000000,0x000000b722100000) (1024K)]
  0x000001b7dfcb6000 JavaThread "Unconstrained build operations Thread 44"        [_thread_blocked, id=14532, stack(0x000000b722100000,0x000000b722200000) (1024K)]
  0x000001b7e5621010 JavaThread "Unconstrained build operations Thread 45"        [_thread_blocked, id=2428, stack(0x000000b722200000,0x000000b722300000) (1024K)]
  0x000001b7e56216a0 JavaThread "Unconstrained build operations Thread 46"        [_thread_blocked, id=28752, stack(0x000000b722300000,0x000000b722400000) (1024K)]
  0x000001b7e56202f0 JavaThread "Unconstrained build operations Thread 47"        [_thread_blocked, id=12208, stack(0x000000b722400000,0x000000b722500000) (1024K)]
  0x000001b7e5621d30 JavaThread "Unconstrained build operations Thread 48"        [_thread_blocked, id=34824, stack(0x000000b722500000,0x000000b722600000) (1024K)]
  0x000001b7e56223c0 JavaThread "Unconstrained build operations Thread 49"        [_thread_blocked, id=14780, stack(0x000000b722600000,0x000000b722700000) (1024K)]
  0x000001b7d94c0e00 JavaThread "Unconstrained build operations Thread 50"        [_thread_blocked, id=35420, stack(0x000000b722700000,0x000000b722800000) (1024K)]
  0x000001b7d94c2840 JavaThread "Unconstrained build operations Thread 51"        [_thread_blocked, id=29396, stack(0x000000b722800000,0x000000b722900000) (1024K)]
  0x000001b7e79fdaa0 JavaThread "Unconstrained build operations Thread 52"        [_thread_blocked, id=34684, stack(0x000000b722900000,0x000000b722a00000) (1024K)]
  0x000001b7e79fe130 JavaThread "Unconstrained build operations Thread 53"        [_thread_blocked, id=35024, stack(0x000000b722a00000,0x000000b722b00000) (1024K)]
  0x000001b7e79ff4e0 JavaThread "Unconstrained build operations Thread 54"        [_thread_blocked, id=5316, stack(0x000000b722b00000,0x000000b722c00000) (1024K)]
  0x000001b7e7227ae0 JavaThread "WorkerExecutor Queue"              [_thread_blocked, id=20080, stack(0x000000b722c00000,0x000000b722d00000) (1024K)]
  0x000001b7d4141050 JavaThread "WorkerExecutor Queue Thread 2"        [_thread_blocked, id=35536, stack(0x000000b722d00000,0x000000b722e00000) (1024K)]
  0x000001b7dce764f0 JavaThread "Unconstrained build operations Thread 55"        [_thread_blocked, id=29644, stack(0x000000b722f00000,0x000000b723000000) (1024K)]
  0x000001b7dce75e60 JavaThread "Unconstrained build operations Thread 56"        [_thread_blocked, id=25240, stack(0x000000b723000000,0x000000b723100000) (1024K)]
  0x000001b7dce75140 JavaThread "Unconstrained build operations Thread 57"        [_thread_blocked, id=29292, stack(0x000000b723100000,0x000000b723200000) (1024K)]
  0x000001b7dce74ab0 JavaThread "Unconstrained build operations Thread 58"        [_thread_blocked, id=19836, stack(0x000000b723200000,0x000000b723300000) (1024K)]
  0x000001b7dce757d0 JavaThread "Unconstrained build operations Thread 59"        [_thread_blocked, id=5632, stack(0x000000b723300000,0x000000b723400000) (1024K)]
  0x000001b7dce73070 JavaThread "Unconstrained build operations Thread 60"        [_thread_blocked, id=3356, stack(0x000000b723400000,0x000000b723500000) (1024K)]
  0x000001b7dce73700 JavaThread "Unconstrained build operations Thread 61"        [_thread_blocked, id=35156, stack(0x000000b723500000,0x000000b723600000) (1024K)]
  0x000001b7dce73d90 JavaThread "Unconstrained build operations Thread 62"        [_thread_blocked, id=32680, stack(0x000000b723600000,0x000000b723700000) (1024K)]
  0x000001b7dce74420 JavaThread "Unconstrained build operations Thread 63"        [_thread_blocked, id=34236, stack(0x000000b723700000,0x000000b723800000) (1024K)]
  0x000001b7de0c8030 JavaThread "Unconstrained build operations Thread 64"        [_thread_blocked, id=24572, stack(0x000000b723800000,0x000000b723900000) (1024K)]
  0x000001b7de0c79a0 JavaThread "Unconstrained build operations Thread 65"        [_thread_blocked, id=17540, stack(0x000000b723900000,0x000000b723a00000) (1024K)]
  0x000001b7de0c86c0 JavaThread "Unconstrained build operations Thread 66"        [_thread_blocked, id=7640, stack(0x000000b723a00000,0x000000b723b00000) (1024K)]
  0x000001b7de0c8d50 JavaThread "Unconstrained build operations Thread 67"        [_thread_blocked, id=10364, stack(0x000000b723b00000,0x000000b723c00000) (1024K)]
  0x000001b7de0c6c80 JavaThread "Unconstrained build operations Thread 68"        [_thread_blocked, id=11240, stack(0x000000b723c00000,0x000000b723d00000) (1024K)]
  0x000001b7de0c7310 JavaThread "Unconstrained build operations Thread 69"        [_thread_blocked, id=968, stack(0x000000b723d00000,0x000000b723e00000) (1024K)]
  0x000001b7de0c93e0 JavaThread "Unconstrained build operations Thread 70"        [_thread_blocked, id=18448, stack(0x000000b723e00000,0x000000b723f00000) (1024K)]
  0x000001b7de0c9a70 JavaThread "Unconstrained build operations Thread 71"        [_thread_blocked, id=15144, stack(0x000000b723f00000,0x000000b724000000) (1024K)]
  0x000001b7de0ca100 JavaThread "Unconstrained build operations Thread 72"        [_thread_blocked, id=31112, stack(0x000000b724000000,0x000000b724100000) (1024K)]
  0x000001b7e66690c0 JavaThread "Unconstrained build operations Thread 73"        [_thread_blocked, id=34768, stack(0x000000b724100000,0x000000b724200000) (1024K)]
  0x000001b7e66683a0 JavaThread "Unconstrained build operations Thread 74"        [_thread_blocked, id=1288, stack(0x000000b724200000,0x000000b724300000) (1024K)]
  0x000001b7e6669750 JavaThread "Unconstrained build operations Thread 75"        [_thread_blocked, id=30240, stack(0x000000b724300000,0x000000b724400000) (1024K)]
  0x000001b7d413ef80 JavaThread "Unconstrained build operations Thread 76"        [_thread_blocked, id=11508, stack(0x000000b724400000,0x000000b724500000) (1024K)]
  0x000001b7d413fca0 JavaThread "Unconstrained build operations Thread 77"        [_thread_blocked, id=33332, stack(0x000000b724500000,0x000000b724600000) (1024K)]
  0x000001b7dc3b8580 JavaThread "Unconstrained build operations Thread 78"        [_thread_blocked, id=9856, stack(0x000000b724600000,0x000000b724700000) (1024K)]
  0x000001b7dc3b6b40 JavaThread "WorkerExecutor Queue Thread 3"        [_thread_blocked, id=17028, stack(0x000000b724700000,0x000000b724800000) (1024K)]
  0x000001b7e6ce4e80 JavaThread "pool-18-thread-1"                  [_thread_blocked, id=11756, stack(0x000000b724800000,0x000000b724900000) (1024K)]
  0x000001b7e6ce5510 JavaThread "stderr"                            [_thread_in_native, id=8656, stack(0x000000b724900000,0x000000b724a00000) (1024K)]
  0x000001b7e6ce3440 JavaThread "stdout"                            [_thread_in_native, id=31036, stack(0x000000b724a00000,0x000000b724b00000) (1024K)]
  0x000001b7e58d8cf0 JavaThread "Unconstrained build operations Thread 79"        [_thread_blocked, id=34140, stack(0x000000b724b00000,0x000000b724c00000) (1024K)]
  0x000001b7e58d72b0 JavaThread "Unconstrained build operations Thread 80"        [_thread_blocked, id=11608, stack(0x000000b724c00000,0x000000b724d00000) (1024K)]
  0x000001b7e58d9380 JavaThread "Unconstrained build operations Thread 81"        [_thread_blocked, id=7428, stack(0x000000b724d00000,0x000000b724e00000) (1024K)]
  0x000001b7dafab480 JavaThread "Unconstrained build operations Thread 82"        [_thread_blocked, id=33268, stack(0x000000b724e00000,0x000000b724f00000) (1024K)]
  0x000001b7dafaa760 JavaThread "Unconstrained build operations Thread 83"        [_thread_blocked, id=5608, stack(0x000000b724f00000,0x000000b725000000) (1024K)]
  0x000001b7e70c1920 JavaThread "Unconstrained build operations Thread 84"        [_thread_blocked, id=22520, stack(0x000000b725000000,0x000000b725100000) (1024K)]
  0x000001b7e70bfee0 JavaThread "Unconstrained build operations Thread 85"        [_thread_blocked, id=33888, stack(0x000000b725100000,0x000000b725200000) (1024K)]
  0x000001b7e70c0c00 JavaThread "Unconstrained build operations Thread 86"        [_thread_blocked, id=24460, stack(0x000000b725200000,0x000000b725300000) (1024K)]
  0x000001b7e70c0570 JavaThread "Unconstrained build operations Thread 87"        [_thread_blocked, id=32956, stack(0x000000b725300000,0x000000b725400000) (1024K)]
  0x000001b7e70bf850 JavaThread "Unconstrained build operations Thread 88"        [_thread_blocked, id=14756, stack(0x000000b725400000,0x000000b725500000) (1024K)]
  0x000001b7e70c1290 JavaThread "Unconstrained build operations Thread 89"        [_thread_blocked, id=19204, stack(0x000000b725500000,0x000000b725600000) (1024K)]
  0x000001b7e70c2640 JavaThread "Unconstrained build operations Thread 90"        [_thread_blocked, id=7624, stack(0x000000b725600000,0x000000b725700000) (1024K)]
  0x000001b7e70c1fb0 JavaThread "Unconstrained build operations Thread 91"        [_thread_blocked, id=31496, stack(0x000000b725700000,0x000000b725800000) (1024K)]
  0x000001b7d94c4280 JavaThread "Unconstrained build operations Thread 92"        [_thread_blocked, id=5716, stack(0x000000b725800000,0x000000b725900000) (1024K)]
  0x000001b7d94c1490 JavaThread "Unconstrained build operations Thread 93"        [_thread_blocked, id=24436, stack(0x000000b725900000,0x000000b725a00000) (1024K)]
  0x000001b7d94c3560 JavaThread "Unconstrained build operations Thread 94"        [_thread_blocked, id=22316, stack(0x000000b725a00000,0x000000b725b00000) (1024K)]
  0x000001b7d94c1b20 JavaThread "Unconstrained build operations Thread 95"        [_thread_blocked, id=1108, stack(0x000000b725b00000,0x000000b725c00000) (1024K)]
  0x000001b7e58d7940 JavaThread "Unconstrained build operations Thread 96"        [_thread_blocked, id=20416, stack(0x000000b725f00000,0x000000b726000000) (1024K)]
  0x000001b7e58d7fd0 JavaThread "Unconstrained build operations Thread 97"        [_thread_blocked, id=29224, stack(0x000000b726000000,0x000000b726100000) (1024K)]
  0x000001b7e58d8660 JavaThread "Unconstrained build operations Thread 98"        [_thread_blocked, id=34228, stack(0x000000b726100000,0x000000b726200000) (1024K)]
  0x000001b7de4bd0c0 JavaThread "Unconstrained build operations Thread 99"        [_thread_blocked, id=35456, stack(0x000000b726200000,0x000000b726300000) (1024K)]
  0x000001b7de4bd750 JavaThread "Unconstrained build operations Thread 100"        [_thread_blocked, id=27860, stack(0x000000b726300000,0x000000b726400000) (1024K)]
  0x000001b7de4bf820 JavaThread "Unconstrained build operations Thread 101"        [_thread_blocked, id=27536, stack(0x000000b726400000,0x000000b726500000) (1024K)]
  0x000001b7e5cca220 JavaThread "Unconstrained build operations Thread 102"        [_thread_blocked, id=11504, stack(0x000000b726500000,0x000000b726600000) (1024K)]
  0x000001b7e5ccb5d0 JavaThread "Unconstrained build operations Thread 103"        [_thread_blocked, id=10628, stack(0x000000b726600000,0x000000b726700000) (1024K)]
  0x000001b7e5cca8b0 JavaThread "Unconstrained build operations Thread 104"        [_thread_blocked, id=27604, stack(0x000000b726700000,0x000000b726800000) (1024K)]
  0x000001b7e5ccaf40 JavaThread "Unconstrained build operations Thread 105"        [_thread_blocked, id=5072, stack(0x000000b726800000,0x000000b726900000) (1024K)]
  0x000001b7e5cc87e0 JavaThread "Unconstrained build operations Thread 106"        [_thread_blocked, id=23264, stack(0x000000b726900000,0x000000b726a00000) (1024K)]
  0x000001b7e5cc8e70 JavaThread "Unconstrained build operations Thread 107"        [_thread_blocked, id=26956, stack(0x000000b726a00000,0x000000b726b00000) (1024K)]
  0x000001b7e6667680 JavaThread "Unconstrained build operations Thread 108"        [_thread_blocked, id=17464, stack(0x000000b726b00000,0x000000b726c00000) (1024K)]
  0x000001b7e6666960 JavaThread "Unconstrained build operations Thread 109"        [_thread_blocked, id=29004, stack(0x000000b726c00000,0x000000b726d00000) (1024K)]
  0x000001b7e6669de0 JavaThread "Unconstrained build operations Thread 110"        [_thread_blocked, id=8560, stack(0x000000b726d00000,0x000000b726e00000) (1024K)]
  0x000001b7e6666ff0 JavaThread "Unconstrained build operations Thread 111"        [_thread_blocked, id=24772, stack(0x000000b726e00000,0x000000b726f00000) (1024K)]
  0x000001b7e6667d10 JavaThread "Unconstrained build operations Thread 112"        [_thread_blocked, id=9524, stack(0x000000b726f00000,0x000000b727000000) (1024K)]
  0x000001b7de4be470 JavaThread "Unconstrained build operations Thread 113"        [_thread_blocked, id=25372, stack(0x000000b727100000,0x000000b727200000) (1024K)]
  0x000001b7de4beb00 JavaThread "Unconstrained build operations Thread 114"        [_thread_blocked, id=15220, stack(0x000000b727200000,0x000000b727300000) (1024K)]
  0x000001b7e6ce2db0 JavaThread "Unconstrained build operations Thread 115"        [_thread_blocked, id=30744, stack(0x000000b727300000,0x000000b727400000) (1024K)]
  0x000001b7de4bf190 JavaThread "WorkerExecutor Queue Thread 4"        [_thread_blocked, id=20260, stack(0x000000b725d00000,0x000000b725e00000) (1024K)]
  0x000001b7dc3b71d0 JavaThread "RMI Scheduler(0)"           daemon [_thread_blocked, id=8408, stack(0x000000b71cc00000,0x000000b71cd00000) (1024K)]
  0x000001b7dc3b7ef0 JavaThread "RMI GC Daemon"              daemon [_thread_blocked, id=14764, stack(0x000000b71dc00000,0x000000b71dd00000) (1024K)]
  0x000001b7de4bca30 JavaThread "RMI TCP Accept-0"           daemon [_thread_in_native, id=34488, stack(0x000000b722e00000,0x000000b722f00000) (1024K)]
  0x000001b7decd1690 JavaThread "RMI Reaper"                        [_thread_blocked, id=19048, stack(0x000000b725c00000,0x000000b725d00000) (1024K)]
  0x000001b7e0082260 JavaThread "RMI TCP Connection(2)-127.0.0.1" daemon [_thread_in_native, id=7876, stack(0x000000b725e00000,0x000000b725f00000) (1024K)]
  0x000001b7d9514840 JavaThread "C1 CompilerThread1"         daemon [_thread_blocked, id=28920, stack(0x000000b727000000,0x000000b727100000) (1024K)]
  0x000001b7d9518590 JavaThread "C1 CompilerThread2"         daemon [_thread_blocked, id=8176, stack(0x000000b727400000,0x000000b727500000) (1024K)]
  0x000001b7e007ede0 JavaThread "Unconstrained build operations Thread 116"        [_thread_blocked, id=23848, stack(0x000000b727700000,0x000000b727800000) (1024K)]
  0x000001b7e5025320 JavaThread "Cache worker for Java compile cache (C:\Users\dci06\.gradle\caches\8.9\javaCompile)"        [_thread_blocked, id=14132, stack(0x000000b71ca00000,0x000000b71cb00000) (1024K)]
  0x000001b7dcd1f8a0 JavaThread "C1 CompilerThread3"         daemon [_thread_blocked, id=7852, stack(0x000000b71db00000,0x000000b71dc00000) (1024K)]
  0x000001b7dcd1ff70 JavaThread "C2 CompilerThread1"         daemon [_thread_blocked, id=2440, stack(0x000000b71cb00000,0x000000b71cc00000) (1024K)]
  0x000001b7dcd1dd60 JavaThread "C2 CompilerThread2"         daemon [_thread_blocked, id=2196, stack(0x000000b727500000,0x000000b727600000) (1024K)]
  0x000001b7dcd1cfc0 JavaThread "C2 CompilerThread3"         daemon [_thread_blocked, id=26876, stack(0x000000b727600000,0x000000b727700000) (1024K)]
  0x000001b7dcd1eb00 JavaThread "C2 CompilerThread4"         daemon [_thread_blocked, id=14880, stack(0x000000b727800000,0x000000b727900000) (1024K)]
  0x000001b7dcd22850 JavaThread "C2 CompilerThread5"         daemon [_thread_blocked, id=10124, stack(0x000000b727900000,0x000000b727a00000) (1024K)]
Total: 191

Other Threads:
=>0x000001b7d3daebf0 VMThread "VM Thread"                           [id=11516, stack(0x000000b71ae00000,0x000000b71af00000) (1024K)]
  0x000001b7d3e31ac0 WatcherThread "VM Periodic Task Thread"        [id=28924, stack(0x000000b71ad00000,0x000000b71ae00000) (1024K)]
  0x000001b7bb973580 WorkerThread "GC Thread#0"                     [id=33144, stack(0x000000b71a800000,0x000000b71a900000) (1024K)]
  0x000001b7d91d2370 WorkerThread "GC Thread#1"                     [id=12668, stack(0x000000b71be00000,0x000000b71bf00000) (1024K)]
  0x000001b7d44655f0 WorkerThread "GC Thread#2"                     [id=27540, stack(0x000000b71bf00000,0x000000b71c000000) (1024K)]
  0x000001b7d45a2660 WorkerThread "GC Thread#3"                     [id=33548, stack(0x000000b71c000000,0x000000b71c100000) (1024K)]
  0x000001b7d49a8000 WorkerThread "GC Thread#4"                     [id=13356, stack(0x000000b71c100000,0x000000b71c200000) (1024K)]
  0x000001b7d49a87a0 WorkerThread "GC Thread#5"                     [id=30328, stack(0x000000b71c200000,0x000000b71c300000) (1024K)]
  0x000001b7d9227020 WorkerThread "GC Thread#6"                     [id=19528, stack(0x000000b71cd00000,0x000000b71ce00000) (1024K)]
  0x000001b7d9226c80 WorkerThread "GC Thread#7"                     [id=30440, stack(0x000000b71ce00000,0x000000b71cf00000) (1024K)]
  0x000001b7d92256c0 WorkerThread "GC Thread#8"                     [id=15200, stack(0x000000b71cf00000,0x000000b71d000000) (1024K)]
  0x000001b7d9225a60 WorkerThread "GC Thread#9"                     [id=33284, stack(0x000000b71d000000,0x000000b71d100000) (1024K)]
  0x000001b7da6eef40 WorkerThread "GC Thread#10"                    [id=28360, stack(0x000000b71d100000,0x000000b71d200000) (1024K)]
  0x000001b7da6eeba0 WorkerThread "GC Thread#11"                    [id=10244, stack(0x000000b71d200000,0x000000b71d300000) (1024K)]
  0x000001b7da6ee0c0 WorkerThread "GC Thread#12"                    [id=32048, stack(0x000000b71d300000,0x000000b71d400000) (1024K)]
  0x000001b7da6efa20 WorkerThread "GC Thread#13"                    [id=16916, stack(0x000000b71d400000,0x000000b71d500000) (1024K)]
  0x000001b7bb9c2b80 ConcurrentGCThread "G1 Main Marker"            [id=4296, stack(0x000000b71a900000,0x000000b71aa00000) (1024K)]
  0x000001b7bb9c4440 WorkerThread "G1 Conc#0"                       [id=27208, stack(0x000000b71aa00000,0x000000b71ab00000) (1024K)]
  0x000001b7da6ef680 WorkerThread "G1 Conc#1"                       [id=33060, stack(0x000000b71d500000,0x000000b71d600000) (1024K)]
  0x000001b7da6ecb00 WorkerThread "G1 Conc#2"                       [id=31720, stack(0x000000b71d600000,0x000000b71d700000) (1024K)]
  0x000001b7da6ef2e0 WorkerThread "G1 Conc#3"                       [id=25340, stack(0x000000b71d700000,0x000000b71d800000) (1024K)]
  0x000001b7d3c8e770 ConcurrentGCThread "G1 Refine#0"               [id=15804, stack(0x000000b71ab00000,0x000000b71ac00000) (1024K)]
  0x000001b7d3c8f090 ConcurrentGCThread "G1 Service"                [id=32848, stack(0x000000b71ac00000,0x000000b71ad00000) (1024K)]
Total: 23

Threads with active compile tasks:
C2 CompilerThread0  1383271 29689       4       com.sun.tools.javac.code.TypeAnnotations$TypeAnnotationPositions::separateAnnotationsKinds (541 bytes)
C2 CompilerThread1  1383271 29634   !   4       com.sun.tools.javac.jvm.ClassReader::readMethod (535 bytes)
C2 CompilerThread2  1383271 29679       4       com.sun.tools.javac.code.Types$4::visitClassType (10 bytes)
C2 CompilerThread3  1383271 29678       4       com.sun.tools.javac.code.Types::isSubtypeUncheckedInternal (163 bytes)
C2 CompilerThread4  1383271 29674       4       com.sun.tools.javac.comp.Annotate::annotateNow (637 bytes)
C2 CompilerThread5  1383271 29691       4       com.sun.tools.javac.comp.Check::validateAnnotation (835 bytes)
Total: 6

VM state: at safepoint (normal execution)

VM Mutex/Monitor currently owned by a thread:  ([mutex/lock_event])
[0x00007ffc2e8920c8] Threads_lock - owner thread: 0x000001b7d3daebf0
[0x00007ffc2e8921c8] Heap_lock - owner thread: 0x000001b7bb9c2b80

Heap address: 0x0000000080000000, size: 2048 MB, Compressed Oops mode: 32-bit

CDS archive(s) not mapped
Compressed class space mapped at: 0x0000000100000000-0x0000000140000000, reserved size: 1073741824
Narrow klass base: 0x0000000000000000, Narrow klass shift: 3, Narrow klass range: 0x140000000

GC Precious Log:
 CardTable entry size: 512
 Card Set container configuration: InlinePtr #cards 5 size 8 Array Of Cards #cards 12 size 40 Howl #buckets 4 coarsen threshold 1843 Howl Bitmap #cards 512 size 80 coarsen threshold 460 Card regions per heap region 1 cards per card region 2048
 CPUs: 18 total, 18 available
 Memory: 15964M
 Large Page Support: Disabled
 NUMA Support: Disabled
 Compressed Oops: Enabled (32-bit)
 Heap Region Size: 1M
 Heap Min Capacity: 8M
 Heap Initial Capacity: 250M
 Heap Max Capacity: 2G
 Pre-touch: Disabled
 Parallel Workers: 14
 Concurrent Workers: 4
 Concurrent Refinement Workers: 14
 Periodic GC: Disabled

Heap:
 garbage-first heap   total 371712K, used 297472K [0x0000000080000000, 0x0000000100000000)
  region size 1024K, 23 young (23552K), 11 survivors (11264K)
 Metaspace       used 155630K, committed 158080K, reserved 1245184K
  class space    used 20227K, committed 21440K, reserved 1048576K

Heap Regions: E=young(eden), S=young(survivor), O=old, HS=humongous(starts), HC=humongous(continues), CS=collection set, F=free, TAMS=top-at-mark-start, PB=parsable bottom
|   0|0x0000000080000000, 0x0000000080100000, 0x0000000080100000|100%|HS|  |TAMS 0x0000000080100000| PB 0x0000000080000000| Complete 
|   1|0x0000000080100000, 0x0000000080200000, 0x0000000080200000|100%|HC|  |TAMS 0x0000000080200000| PB 0x0000000080100000| Complete 
|   2|0x0000000080200000, 0x0000000080300000, 0x0000000080300000|100%|HC|  |TAMS 0x0000000080300000| PB 0x0000000080200000| Complete 
|   3|0x0000000080300000, 0x0000000080400000, 0x0000000080400000|100%|HC|  |TAMS 0x0000000080400000| PB 0x0000000080300000| Complete 
|   4|0x0000000080400000, 0x0000000080500000, 0x0000000080500000|100%| O|  |TAMS 0x0000000080500000| PB 0x0000000080500000| Untracked 
|   5|0x0000000080500000, 0x0000000080600000, 0x0000000080600000|100%| O|  |TAMS 0x0000000080600000| PB 0x0000000080600000| Untracked 
|   6|0x0000000080600000, 0x0000000080700000, 0x0000000080700000|100%| O|  |TAMS 0x0000000080700000| PB 0x0000000080700000| Untracked 
|   7|0x0000000080700000, 0x0000000080800000, 0x0000000080800000|100%| O|  |TAMS 0x0000000080800000| PB 0x0000000080800000| Untracked 
|   8|0x0000000080800000, 0x0000000080900000, 0x0000000080900000|100%| O|  |TAMS 0x0000000080900000| PB 0x0000000080900000| Untracked 
|   9|0x0000000080900000, 0x0000000080a00000, 0x0000000080a00000|100%| O|  |TAMS 0x0000000080a00000| PB 0x0000000080a00000| Untracked 
|  10|0x0000000080a00000, 0x0000000080b00000, 0x0000000080b00000|100%| O|  |TAMS 0x0000000080b00000| PB 0x0000000080b00000| Untracked 
|  11|0x0000000080b00000, 0x0000000080c00000, 0x0000000080c00000|100%|HS|  |TAMS 0x0000000080c00000| PB 0x0000000080b00000| Complete 
|  12|0x0000000080c00000, 0x0000000080d00000, 0x0000000080d00000|100%| O|  |TAMS 0x0000000080d00000| PB 0x0000000080d00000| Untracked 
|  13|0x0000000080d00000, 0x0000000080e00000, 0x0000000080e00000|100%| O|  |TAMS 0x0000000080e00000| PB 0x0000000080e00000| Untracked 
|  14|0x0000000080e00000, 0x0000000080f00000, 0x0000000080f00000|100%| O|  |TAMS 0x0000000080f00000| PB 0x0000000080f00000| Untracked 
|  15|0x0000000080f00000, 0x0000000081000000, 0x0000000081000000|100%| O|  |TAMS 0x0000000081000000| PB 0x0000000081000000| Updating 
|  16|0x0000000081000000, 0x0000000081100000, 0x0000000081100000|100%| O|  |TAMS 0x0000000081100000| PB 0x0000000081100000| Untracked 
|  17|0x0000000081100000, 0x0000000081200000, 0x0000000081200000|100%| O|  |TAMS 0x0000000081200000| PB 0x0000000081200000| Untracked 
|  18|0x0000000081200000, 0x0000000081300000, 0x0000000081300000|100%| O|  |TAMS 0x0000000081300000| PB 0x0000000081300000| Untracked 
|  19|0x0000000081300000, 0x0000000081400000, 0x0000000081400000|100%| O|  |TAMS 0x0000000081400000| PB 0x0000000081400000| Untracked 
|  20|0x0000000081400000, 0x0000000081500000, 0x0000000081500000|100%| O|  |TAMS 0x0000000081500000| PB 0x0000000081500000| Untracked 
|  21|0x0000000081500000, 0x0000000081600000, 0x0000000081600000|100%| O|  |TAMS 0x0000000081600000| PB 0x0000000081600000| Updating 
|  22|0x0000000081600000, 0x0000000081700000, 0x0000000081700000|100%| O|  |TAMS 0x0000000081700000| PB 0x0000000081700000| Updating 
|  23|0x0000000081700000, 0x0000000081800000, 0x0000000081800000|100%| O|  |TAMS 0x0000000081800000| PB 0x0000000081800000| Updating 
|  24|0x0000000081800000, 0x0000000081900000, 0x0000000081900000|100%| O|  |TAMS 0x0000000081900000| PB 0x0000000081900000| Untracked 
|  25|0x0000000081900000, 0x0000000081a00000, 0x0000000081a00000|100%| O|  |TAMS 0x0000000081a00000| PB 0x0000000081a00000| Untracked 
|  26|0x0000000081a00000, 0x0000000081b00000, 0x0000000081b00000|100%| O|  |TAMS 0x0000000081b00000| PB 0x0000000081b00000| Untracked 
|  27|0x0000000081b00000, 0x0000000081c00000, 0x0000000081c00000|100%| O|  |TAMS 0x0000000081c00000| PB 0x0000000081c00000| Untracked 
|  28|0x0000000081c00000, 0x0000000081d00000, 0x0000000081d00000|100%| O|  |TAMS 0x0000000081d00000| PB 0x0000000081d00000| Untracked 
|  29|0x0000000081d00000, 0x0000000081e00000, 0x0000000081e00000|100%| O|  |TAMS 0x0000000081e00000| PB 0x0000000081e00000| Untracked 
|  30|0x0000000081e00000, 0x0000000081f00000, 0x0000000081f00000|100%| O|  |TAMS 0x0000000081f00000| PB 0x0000000081f00000| Untracked 
|  31|0x0000000081f00000, 0x0000000082000000, 0x0000000082000000|100%| O|  |TAMS 0x0000000082000000| PB 0x0000000082000000| Updating 
|  32|0x0000000082000000, 0x0000000082100000, 0x0000000082100000|100%| O|  |TAMS 0x0000000082100000| PB 0x0000000082100000| Untracked 
|  33|0x0000000082100000, 0x0000000082200000, 0x0000000082200000|100%| O|  |TAMS 0x0000000082200000| PB 0x0000000082200000| Updating 
|  34|0x0000000082200000, 0x0000000082300000, 0x0000000082300000|100%| O|  |TAMS 0x0000000082300000| PB 0x0000000082300000| Updating 
|  35|0x0000000082300000, 0x0000000082400000, 0x0000000082400000|100%| O|  |TAMS 0x0000000082400000| PB 0x0000000082400000| Updating 
|  36|0x0000000082400000, 0x0000000082500000, 0x0000000082500000|100%|HS|  |TAMS 0x0000000082500000| PB 0x0000000082400000| Complete 
|  37|0x0000000082500000, 0x0000000082600000, 0x0000000082600000|100%|HC|  |TAMS 0x0000000082600000| PB 0x0000000082500000| Complete 
|  38|0x0000000082600000, 0x0000000082700000, 0x0000000082700000|100%| O|  |TAMS 0x0000000082700000| PB 0x0000000082700000| Updating 
|  39|0x0000000082700000, 0x0000000082800000, 0x0000000082800000|100%| O|  |TAMS 0x0000000082800000| PB 0x0000000082800000| Updating 
|  40|0x0000000082800000, 0x0000000082900000, 0x0000000082900000|100%| O|  |TAMS 0x0000000082900000| PB 0x0000000082900000| Untracked 
|  41|0x0000000082900000, 0x0000000082a00000, 0x0000000082a00000|100%|HS|  |TAMS 0x0000000082a00000| PB 0x0000000082900000| Complete 
|  42|0x0000000082a00000, 0x0000000082b00000, 0x0000000082b00000|100%|HS|  |TAMS 0x0000000082b00000| PB 0x0000000082a00000| Complete 
|  43|0x0000000082b00000, 0x0000000082c00000, 0x0000000082c00000|100%|HS|  |TAMS 0x0000000082c00000| PB 0x0000000082b00000| Complete 
|  44|0x0000000082c00000, 0x0000000082d00000, 0x0000000082d00000|100%| O|  |TAMS 0x0000000082d00000| PB 0x0000000082d00000| Updating 
|  45|0x0000000082d00000, 0x0000000082e00000, 0x0000000082e00000|100%| O|  |TAMS 0x0000000082e00000| PB 0x0000000082e00000| Untracked 
|  46|0x0000000082e00000, 0x0000000082f00000, 0x0000000082f00000|100%| O|  |TAMS 0x0000000082f00000| PB 0x0000000082f00000| Untracked 
|  47|0x0000000082f00000, 0x0000000083000000, 0x0000000083000000|100%| O|  |TAMS 0x0000000083000000| PB 0x0000000083000000| Updating 
|  48|0x0000000083000000, 0x0000000083100000, 0x0000000083100000|100%| O|  |TAMS 0x0000000083100000| PB 0x0000000083100000| Untracked 
|  49|0x0000000083100000, 0x0000000083200000, 0x0000000083200000|100%| O|  |TAMS 0x0000000083200000| PB 0x0000000083200000| Updating 
|  50|0x0000000083200000, 0x0000000083300000, 0x0000000083300000|100%| O|  |TAMS 0x0000000083300000| PB 0x0000000083300000| Updating 
|  51|0x0000000083300000, 0x0000000083400000, 0x0000000083400000|100%|HS|  |TAMS 0x0000000083400000| PB 0x0000000083300000| Complete 
|  52|0x0000000083400000, 0x0000000083500000, 0x0000000083500000|100%|HC|  |TAMS 0x0000000083500000| PB 0x0000000083400000| Complete 
|  53|0x0000000083500000, 0x0000000083600000, 0x0000000083600000|100%|HS|  |TAMS 0x0000000083600000| PB 0x0000000083500000| Complete 
|  54|0x0000000083600000, 0x0000000083700000, 0x0000000083700000|100%| O|  |TAMS 0x0000000083700000| PB 0x0000000083700000| Untracked 
|  55|0x0000000083700000, 0x0000000083800000, 0x0000000083800000|100%|HS|  |TAMS 0x0000000083800000| PB 0x0000000083700000| Complete 
|  56|0x0000000083800000, 0x0000000083900000, 0x0000000083900000|100%|HC|  |TAMS 0x0000000083900000| PB 0x0000000083800000| Complete 
|  57|0x0000000083900000, 0x0000000083a00000, 0x0000000083a00000|100%|HS|  |TAMS 0x0000000083a00000| PB 0x0000000083900000| Complete 
|  58|0x0000000083a00000, 0x0000000083b00000, 0x0000000083b00000|100%|HS|  |TAMS 0x0000000083b00000| PB 0x0000000083a00000| Complete 
|  59|0x0000000083b00000, 0x0000000083c00000, 0x0000000083c00000|100%| O|  |TAMS 0x0000000083c00000| PB 0x0000000083c00000| Untracked 
|  60|0x0000000083c00000, 0x0000000083d00000, 0x0000000083d00000|100%| O|  |TAMS 0x0000000083d00000| PB 0x0000000083d00000| Updating 
|  61|0x0000000083d00000, 0x0000000083e00000, 0x0000000083e00000|100%| O|  |TAMS 0x0000000083e00000| PB 0x0000000083e00000| Untracked 
|  62|0x0000000083e00000, 0x0000000083f00000, 0x0000000083f00000|100%| O|  |TAMS 0x0000000083f00000| PB 0x0000000083f00000| Untracked 
|  63|0x0000000083f00000, 0x0000000084000000, 0x0000000084000000|100%| O|  |TAMS 0x0000000084000000| PB 0x0000000084000000| Updating 
|  64|0x0000000084000000, 0x0000000084100000, 0x0000000084100000|100%| O|  |TAMS 0x0000000084100000| PB 0x0000000084100000| Untracked 
|  65|0x0000000084100000, 0x0000000084200000, 0x0000000084200000|100%| O|  |TAMS 0x0000000084200000| PB 0x0000000084200000| Updating 
|  66|0x0000000084200000, 0x0000000084300000, 0x0000000084300000|100%| O|  |TAMS 0x0000000084300000| PB 0x0000000084300000| Updating 
|  67|0x0000000084300000, 0x0000000084400000, 0x0000000084400000|100%| O|  |TAMS 0x0000000084400000| PB 0x0000000084400000| Updating 
|  68|0x0000000084400000, 0x0000000084500000, 0x0000000084500000|100%| O|  |TAMS 0x0000000084500000| PB 0x0000000084500000| Untracked 
|  69|0x0000000084500000, 0x0000000084600000, 0x0000000084600000|100%| O|  |TAMS 0x0000000084600000| PB 0x0000000084600000| Untracked 
|  70|0x0000000084600000, 0x0000000084700000, 0x0000000084700000|100%|HS|  |TAMS 0x0000000084700000| PB 0x0000000084600000| Complete 
|  71|0x0000000084700000, 0x0000000084800000, 0x0000000084800000|100%| O|  |TAMS 0x0000000084800000| PB 0x0000000084800000| Untracked 
|  72|0x0000000084800000, 0x0000000084900000, 0x0000000084900000|100%| O|  |TAMS 0x0000000084900000| PB 0x0000000084900000| Untracked 
|  73|0x0000000084900000, 0x0000000084a00000, 0x0000000084a00000|100%|HS|  |TAMS 0x0000000084a00000| PB 0x0000000084900000| Complete 
|  74|0x0000000084a00000, 0x0000000084b00000, 0x0000000084b00000|100%|HC|  |TAMS 0x0000000084b00000| PB 0x0000000084a00000| Complete 
|  75|0x0000000084b00000, 0x0000000084c00000, 0x0000000084c00000|100%|HC|  |TAMS 0x0000000084c00000| PB 0x0000000084b00000| Complete 
|  76|0x0000000084c00000, 0x0000000084d00000, 0x0000000084d00000|100%|HC|  |TAMS 0x0000000084d00000| PB 0x0000000084c00000| Complete 
|  77|0x0000000084d00000, 0x0000000084e00000, 0x0000000084e00000|100%| O|  |TAMS 0x0000000084e00000| PB 0x0000000084e00000| Untracked 
|  78|0x0000000084e00000, 0x0000000084f00000, 0x0000000084f00000|100%| O|  |TAMS 0x0000000084f00000| PB 0x0000000084f00000| Untracked 
|  79|0x0000000084f00000, 0x0000000085000000, 0x0000000085000000|100%| O|  |TAMS 0x0000000085000000| PB 0x0000000085000000| Untracked 
|  80|0x0000000085000000, 0x0000000085100000, 0x0000000085100000|100%| O|  |TAMS 0x0000000085100000| PB 0x0000000085100000| Updating 
|  81|0x0000000085100000, 0x0000000085200000, 0x0000000085200000|100%| O|  |TAMS 0x0000000085200000| PB 0x0000000085200000| Untracked 
|  82|0x0000000085200000, 0x0000000085300000, 0x0000000085300000|100%| O|  |TAMS 0x0000000085300000| PB 0x0000000085300000| Updating 
|  83|0x0000000085300000, 0x0000000085400000, 0x0000000085400000|100%| O|  |TAMS 0x0000000085400000| PB 0x0000000085400000| Updating 
|  84|0x0000000085400000, 0x0000000085500000, 0x0000000085500000|100%| O|  |TAMS 0x0000000085500000| PB 0x0000000085500000| Updating 
|  85|0x0000000085500000, 0x0000000085600000, 0x0000000085600000|100%| O|  |TAMS 0x0000000085600000| PB 0x0000000085600000| Updating 
|  86|0x0000000085600000, 0x0000000085700000, 0x0000000085700000|100%| O|  |TAMS 0x0000000085700000| PB 0x0000000085700000| Updating 
|  87|0x0000000085700000, 0x0000000085800000, 0x0000000085800000|100%| O|  |TAMS 0x0000000085800000| PB 0x0000000085800000| Updating 
|  88|0x0000000085800000, 0x0000000085900000, 0x0000000085900000|100%| O|  |TAMS 0x0000000085900000| PB 0x0000000085900000| Updating 
|  89|0x0000000085900000, 0x0000000085a00000, 0x0000000085a00000|100%| O|  |TAMS 0x0000000085900000| PB 0x0000000085900000| Untracked 
|  90|0x0000000085a00000, 0x0000000085b00000, 0x0000000085b00000|100%| O|  |TAMS 0x0000000085b00000| PB 0x0000000085b00000| Updating 
|  91|0x0000000085b00000, 0x0000000085c00000, 0x0000000085c00000|100%| O|  |TAMS 0x0000000085c00000| PB 0x0000000085c00000| Updating 
|  92|0x0000000085c00000, 0x0000000085d00000, 0x0000000085d00000|100%| O|  |TAMS 0x0000000085d00000| PB 0x0000000085d00000| Updating 
|  93|0x0000000085d00000, 0x0000000085e00000, 0x0000000085e00000|100%| O|  |TAMS 0x0000000085e00000| PB 0x0000000085e00000| Untracked 
|  94|0x0000000085e00000, 0x0000000085f00000, 0x0000000085f00000|100%| O|  |TAMS 0x0000000085f00000| PB 0x0000000085f00000| Updating 
|  95|0x0000000085f00000, 0x0000000086000000, 0x0000000086000000|100%| O|  |TAMS 0x0000000086000000| PB 0x0000000086000000| Untracked 
|  96|0x0000000086000000, 0x0000000086100000, 0x0000000086100000|100%| O|  |TAMS 0x0000000086100000| PB 0x0000000086100000| Updating 
|  97|0x0000000086100000, 0x0000000086200000, 0x0000000086200000|100%| O|  |TAMS 0x0000000086200000| PB 0x0000000086200000| Untracked 
|  98|0x0000000086200000, 0x0000000086300000, 0x0000000086300000|100%|HS|  |TAMS 0x0000000086300000| PB 0x0000000086200000| Complete 
|  99|0x0000000086300000, 0x0000000086400000, 0x0000000086400000|100%|HC|  |TAMS 0x0000000086400000| PB 0x0000000086300000| Complete 
| 100|0x0000000086400000, 0x0000000086500000, 0x0000000086500000|100%|HC|  |TAMS 0x0000000086500000| PB 0x0000000086400000| Complete 
| 101|0x0000000086500000, 0x0000000086600000, 0x0000000086600000|100%|HC|  |TAMS 0x0000000086600000| PB 0x0000000086500000| Complete 
| 102|0x0000000086600000, 0x0000000086700000, 0x0000000086700000|100%| O|  |TAMS 0x0000000086700000| PB 0x0000000086700000| Updating 
| 103|0x0000000086700000, 0x0000000086800000, 0x0000000086800000|100%| O|  |TAMS 0x0000000086800000| PB 0x0000000086800000| Untracked 
| 104|0x0000000086800000, 0x0000000086900000, 0x0000000086900000|100%| O|  |TAMS 0x0000000086900000| PB 0x0000000086900000| Updating 
| 105|0x0000000086900000, 0x0000000086a00000, 0x0000000086a00000|100%| O|  |TAMS 0x0000000086a00000| PB 0x0000000086a00000| Untracked 
| 106|0x0000000086a00000, 0x0000000086b00000, 0x0000000086b00000|100%| O|  |TAMS 0x0000000086b00000| PB 0x0000000086b00000| Updating 
| 107|0x0000000086b00000, 0x0000000086c00000, 0x0000000086c00000|100%| O|  |TAMS 0x0000000086c00000| PB 0x0000000086c00000| Updating 
| 108|0x0000000086c00000, 0x0000000086d00000, 0x0000000086d00000|100%| O|  |TAMS 0x0000000086d00000| PB 0x0000000086d00000| Untracked 
| 109|0x0000000086d00000, 0x0000000086e00000, 0x0000000086e00000|100%| O|  |TAMS 0x0000000086e00000| PB 0x0000000086e00000| Updating 
| 110|0x0000000086e00000, 0x0000000086f00000, 0x0000000086f00000|100%| O|  |TAMS 0x0000000086f00000| PB 0x0000000086f00000| Untracked 
| 111|0x0000000086f00000, 0x0000000087000000, 0x0000000087000000|100%| O|  |TAMS 0x0000000087000000| PB 0x0000000087000000| Untracked 
| 112|0x0000000087000000, 0x0000000087100000, 0x0000000087100000|100%| O|  |TAMS 0x0000000087100000| PB 0x0000000087100000| Updating 
| 113|0x0000000087100000, 0x0000000087200000, 0x0000000087200000|100%| O|  |TAMS 0x0000000087200000| PB 0x0000000087200000| Updating 
| 114|0x0000000087200000, 0x0000000087300000, 0x0000000087300000|100%| O|  |TAMS 0x0000000087300000| PB 0x0000000087300000| Untracked 
| 115|0x0000000087300000, 0x0000000087400000, 0x0000000087400000|100%| O|  |TAMS 0x0000000087400000| PB 0x0000000087400000| Updating 
| 116|0x0000000087400000, 0x0000000087500000, 0x0000000087500000|100%| O|  |TAMS 0x0000000087500000| PB 0x0000000087500000| Updating 
| 117|0x0000000087500000, 0x0000000087600000, 0x0000000087600000|100%| O|  |TAMS 0x0000000087600000| PB 0x0000000087600000| Untracked 
| 118|0x0000000087600000, 0x0000000087700000, 0x0000000087700000|100%| O|  |TAMS 0x0000000087700000| PB 0x0000000087700000| Updating 
| 119|0x0000000087700000, 0x0000000087800000, 0x0000000087800000|100%| O|  |TAMS 0x0000000087800000| PB 0x0000000087800000| Untracked 
| 120|0x0000000087800000, 0x0000000087900000, 0x0000000087900000|100%| O|  |TAMS 0x0000000087900000| PB 0x0000000087900000| Updating 
| 121|0x0000000087900000, 0x0000000087a00000, 0x0000000087a00000|100%| O|  |TAMS 0x0000000087a00000| PB 0x0000000087a00000| Untracked 
| 122|0x0000000087a00000, 0x0000000087b00000, 0x0000000087b00000|100%| O|  |TAMS 0x0000000087b00000| PB 0x0000000087b00000| Untracked 
| 123|0x0000000087b00000, 0x0000000087c00000, 0x0000000087c00000|100%| O|  |TAMS 0x0000000087c00000| PB 0x0000000087c00000| Updating 
| 124|0x0000000087c00000, 0x0000000087d00000, 0x0000000087d00000|100%| O|  |TAMS 0x0000000087d00000| PB 0x0000000087d00000| Updating 
| 125|0x0000000087d00000, 0x0000000087e00000, 0x0000000087e00000|100%| O|  |TAMS 0x0000000087e00000| PB 0x0000000087e00000| Updating 
| 126|0x0000000087e00000, 0x0000000087f00000, 0x0000000087f00000|100%| O|  |TAMS 0x0000000087f00000| PB 0x0000000087f00000| Updating 
| 127|0x0000000087f00000, 0x0000000088000000, 0x0000000088000000|100%| O|  |TAMS 0x0000000087f00000| PB 0x0000000087f00000| Untracked 
| 128|0x0000000088000000, 0x0000000088100000, 0x0000000088100000|100%| O|  |TAMS 0x0000000088000000| PB 0x0000000088000000| Untracked 
| 129|0x0000000088100000, 0x0000000088200000, 0x0000000088200000|100%| O|  |TAMS 0x0000000088200000| PB 0x0000000088200000| Untracked 
| 130|0x0000000088200000, 0x0000000088300000, 0x0000000088300000|100%| O|  |TAMS 0x0000000088300000| PB 0x0000000088300000| Updating 
| 131|0x0000000088300000, 0x0000000088400000, 0x0000000088400000|100%| O|  |TAMS 0x0000000088400000| PB 0x0000000088400000| Updating 
| 132|0x0000000088400000, 0x0000000088500000, 0x0000000088500000|100%| O|  |TAMS 0x0000000088500000| PB 0x0000000088500000| Untracked 
| 133|0x0000000088500000, 0x0000000088600000, 0x0000000088600000|100%| O|  |TAMS 0x0000000088600000| PB 0x0000000088600000| Untracked 
| 134|0x0000000088600000, 0x0000000088700000, 0x0000000088700000|100%| O|  |TAMS 0x0000000088700000| PB 0x0000000088700000| Untracked 
| 135|0x0000000088700000, 0x0000000088800000, 0x0000000088800000|100%| O|  |TAMS 0x0000000088800000| PB 0x0000000088800000| Untracked 
| 136|0x0000000088800000, 0x0000000088900000, 0x0000000088900000|100%| O|  |TAMS 0x0000000088900000| PB 0x0000000088900000| Updating 
| 137|0x0000000088900000, 0x0000000088a00000, 0x0000000088a00000|100%| O|  |TAMS 0x0000000088a00000| PB 0x0000000088a00000| Updating 
| 138|0x0000000088a00000, 0x0000000088b00000, 0x0000000088b00000|100%| O|  |TAMS 0x0000000088b00000| PB 0x0000000088b00000| Untracked 
| 139|0x0000000088b00000, 0x0000000088c00000, 0x0000000088c00000|100%| O|  |TAMS 0x0000000088c00000| PB 0x0000000088c00000| Updating 
| 140|0x0000000088c00000, 0x0000000088d00000, 0x0000000088d00000|100%| O|  |TAMS 0x0000000088d00000| PB 0x0000000088d00000| Untracked 
| 141|0x0000000088d00000, 0x0000000088e00000, 0x0000000088e00000|100%| O|  |TAMS 0x0000000088e00000| PB 0x0000000088e00000| Updating 
| 142|0x0000000088e00000, 0x0000000088f00000, 0x0000000088f00000|100%| O|  |TAMS 0x0000000088f00000| PB 0x0000000088f00000| Updating 
| 143|0x0000000088f00000, 0x0000000089000000, 0x0000000089000000|100%| O|  |TAMS 0x0000000089000000| PB 0x0000000089000000| Untracked 
| 144|0x0000000089000000, 0x0000000089100000, 0x0000000089100000|100%| O|  |TAMS 0x0000000089100000| PB 0x0000000089100000| Untracked 
| 145|0x0000000089100000, 0x0000000089200000, 0x0000000089200000|100%| O|  |TAMS 0x0000000089200000| PB 0x0000000089200000| Untracked 
| 146|0x0000000089200000, 0x0000000089300000, 0x0000000089300000|100%| O|  |TAMS 0x0000000089300000| PB 0x0000000089300000| Untracked 
| 147|0x0000000089300000, 0x0000000089400000, 0x0000000089400000|100%| O|  |TAMS 0x0000000089400000| PB 0x0000000089400000| Untracked 
| 148|0x0000000089400000, 0x0000000089500000, 0x0000000089500000|100%| O|  |TAMS 0x0000000089500000| PB 0x0000000089500000| Untracked 
| 149|0x0000000089500000, 0x0000000089600000, 0x0000000089600000|100%| O|  |TAMS 0x0000000089600000| PB 0x0000000089600000| Untracked 
| 150|0x0000000089600000, 0x0000000089700000, 0x0000000089700000|100%| O|  |TAMS 0x0000000089700000| PB 0x0000000089700000| Updating 
| 151|0x0000000089700000, 0x0000000089800000, 0x0000000089800000|100%| O|  |TAMS 0x0000000089800000| PB 0x0000000089800000| Untracked 
| 152|0x0000000089800000, 0x0000000089900000, 0x0000000089900000|100%| O|  |TAMS 0x0000000089900000| PB 0x0000000089900000| Updating 
| 153|0x0000000089900000, 0x0000000089a00000, 0x0000000089a00000|100%| O|  |TAMS 0x0000000089a00000| PB 0x0000000089a00000| Updating 
| 154|0x0000000089a00000, 0x0000000089b00000, 0x0000000089b00000|100%| O|  |TAMS 0x0000000089b00000| PB 0x0000000089b00000| Untracked 
| 155|0x0000000089b00000, 0x0000000089c00000, 0x0000000089c00000|100%| O|  |TAMS 0x0000000089c00000| PB 0x0000000089c00000| Updating 
| 156|0x0000000089c00000, 0x0000000089d00000, 0x0000000089d00000|100%| O|  |TAMS 0x0000000089d00000| PB 0x0000000089d00000| Untracked 
| 157|0x0000000089d00000, 0x0000000089e00000, 0x0000000089e00000|100%| O|  |TAMS 0x0000000089e00000| PB 0x0000000089e00000| Updating 
| 158|0x0000000089e00000, 0x0000000089f00000, 0x0000000089f00000|100%| O|  |TAMS 0x0000000089f00000| PB 0x0000000089f00000| Untracked 
| 159|0x0000000089f00000, 0x000000008a000000, 0x000000008a000000|100%| O|  |TAMS 0x000000008a000000| PB 0x000000008a000000| Updating 
| 160|0x000000008a000000, 0x000000008a100000, 0x000000008a100000|100%| O|  |TAMS 0x000000008a100000| PB 0x000000008a100000| Untracked 
| 161|0x000000008a100000, 0x000000008a200000, 0x000000008a200000|100%| O|  |TAMS 0x000000008a200000| PB 0x000000008a200000| Updating 
| 162|0x000000008a200000, 0x000000008a300000, 0x000000008a300000|100%| O|  |TAMS 0x000000008a300000| PB 0x000000008a300000| Untracked 
| 163|0x000000008a300000, 0x000000008a400000, 0x000000008a400000|100%| O|  |TAMS 0x000000008a400000| PB 0x000000008a400000| Untracked 
| 164|0x000000008a400000, 0x000000008a500000, 0x000000008a500000|100%| O|  |TAMS 0x000000008a500000| PB 0x000000008a500000| Updating 
| 165|0x000000008a500000, 0x000000008a600000, 0x000000008a600000|100%| O|  |TAMS 0x000000008a500000| PB 0x000000008a500000| Untracked 
| 166|0x000000008a600000, 0x000000008a700000, 0x000000008a700000|100%| O|  |TAMS 0x000000008a700000| PB 0x000000008a700000| Updating 
| 167|0x000000008a700000, 0x000000008a800000, 0x000000008a800000|100%| O|  |TAMS 0x000000008a800000| PB 0x000000008a800000| Updating 
| 168|0x000000008a800000, 0x000000008a900000, 0x000000008a900000|100%| O|  |TAMS 0x000000008a900000| PB 0x000000008a900000| Updating 
| 169|0x000000008a900000, 0x000000008aa00000, 0x000000008aa00000|100%| O|  |TAMS 0x000000008aa00000| PB 0x000000008aa00000| Updating 
| 170|0x000000008aa00000, 0x000000008ab00000, 0x000000008ab00000|100%| O|  |TAMS 0x000000008ab00000| PB 0x000000008ab00000| Untracked 
| 171|0x000000008ab00000, 0x000000008ac00000, 0x000000008ac00000|100%| O|  |TAMS 0x000000008ac00000| PB 0x000000008ac00000| Untracked 
| 172|0x000000008ac00000, 0x000000008ad00000, 0x000000008ad00000|100%| O|  |TAMS 0x000000008ad00000| PB 0x000000008ad00000| Updating 
| 173|0x000000008ad00000, 0x000000008ae00000, 0x000000008ae00000|100%| O|  |TAMS 0x000000008ad00000| PB 0x000000008ad00000| Untracked 
| 174|0x000000008ae00000, 0x000000008af00000, 0x000000008af00000|100%| O|  |TAMS 0x000000008af00000| PB 0x000000008af00000| Updating 
| 175|0x000000008af00000, 0x000000008b000000, 0x000000008b000000|100%| O|  |TAMS 0x000000008b000000| PB 0x000000008b000000| Updating 
| 176|0x000000008b000000, 0x000000008b000000, 0x000000008b100000|  0%| F|  |TAMS 0x000000008b000000| PB 0x000000008b000000| Untracked 
| 177|0x000000008b100000, 0x000000008b200000, 0x000000008b200000|100%| O|  |TAMS 0x000000008b200000| PB 0x000000008b200000| Updating 
| 178|0x000000008b200000, 0x000000008b300000, 0x000000008b300000|100%| O|  |TAMS 0x000000008b300000| PB 0x000000008b300000| Untracked 
| 179|0x000000008b300000, 0x000000008b400000, 0x000000008b400000|100%| O|  |TAMS 0x000000008b380000| PB 0x000000008b380000| Updating 
| 180|0x000000008b400000, 0x000000008b500000, 0x000000008b500000|100%| O|  |TAMS 0x000000008b500000| PB 0x000000008b500000| Untracked 
| 181|0x000000008b500000, 0x000000008b600000, 0x000000008b600000|100%| O|  |TAMS 0x000000008b600000| PB 0x000000008b600000| Updating 
| 182|0x000000008b600000, 0x000000008b700000, 0x000000008b700000|100%| O|  |TAMS 0x000000008b700000| PB 0x000000008b700000| Updating 
| 183|0x000000008b700000, 0x000000008b800000, 0x000000008b800000|100%| O|  |TAMS 0x000000008b800000| PB 0x000000008b800000| Updating 
| 184|0x000000008b800000, 0x000000008b900000, 0x000000008b900000|100%| O|  |TAMS 0x000000008b900000| PB 0x000000008b900000| Updating 
| 185|0x000000008b900000, 0x000000008ba00000, 0x000000008ba00000|100%| O|  |TAMS 0x000000008ba00000| PB 0x000000008ba00000| Updating 
| 186|0x000000008ba00000, 0x000000008bb00000, 0x000000008bb00000|100%| O|  |TAMS 0x000000008bb00000| PB 0x000000008bb00000| Updating 
| 187|0x000000008bb00000, 0x000000008bc00000, 0x000000008bc00000|100%| O|  |TAMS 0x000000008bc00000| PB 0x000000008bc00000| Untracked 
| 188|0x000000008bc00000, 0x000000008bd00000, 0x000000008bd00000|100%| O|  |TAMS 0x000000008bd00000| PB 0x000000008bd00000| Updating 
| 189|0x000000008bd00000, 0x000000008be00000, 0x000000008be00000|100%| O|  |TAMS 0x000000008bd00000| PB 0x000000008bd00000| Untracked 
| 190|0x000000008be00000, 0x000000008bf00000, 0x000000008bf00000|100%| O|  |TAMS 0x000000008be00000| PB 0x000000008be00000| Untracked 
| 191|0x000000008bf00000, 0x000000008c000000, 0x000000008c000000|100%| O|  |TAMS 0x000000008bf00000| PB 0x000000008bf00000| Untracked 
| 192|0x000000008c000000, 0x000000008c100000, 0x000000008c100000|100%| O|  |TAMS 0x000000008c100000| PB 0x000000008c100000| Untracked 
| 193|0x000000008c100000, 0x000000008c200000, 0x000000008c200000|100%| O|  |TAMS 0x000000008c200000| PB 0x000000008c200000| Untracked 
| 194|0x000000008c200000, 0x000000008c300000, 0x000000008c300000|100%| O|  |TAMS 0x000000008c300000| PB 0x000000008c300000| Updating 
| 195|0x000000008c300000, 0x000000008c400000, 0x000000008c400000|100%| O|  |TAMS 0x000000008c400000| PB 0x000000008c400000| Updating 
| 196|0x000000008c400000, 0x000000008c500000, 0x000000008c500000|100%| O|  |TAMS 0x000000008c500000| PB 0x000000008c500000| Untracked 
| 197|0x000000008c500000, 0x000000008c600000, 0x000000008c600000|100%| O|  |TAMS 0x000000008c600000| PB 0x000000008c600000| Untracked 
| 198|0x000000008c600000, 0x000000008c700000, 0x000000008c700000|100%| O|  |TAMS 0x000000008c700000| PB 0x000000008c700000| Untracked 
| 199|0x000000008c700000, 0x000000008c800000, 0x000000008c800000|100%| O|  |TAMS 0x000000008c800000| PB 0x000000008c800000| Untracked 
| 200|0x000000008c800000, 0x000000008c900000, 0x000000008c900000|100%| O|  |TAMS 0x000000008c900000| PB 0x000000008c900000| Updating 
| 201|0x000000008c900000, 0x000000008ca00000, 0x000000008ca00000|100%| O|  |TAMS 0x000000008ca00000| PB 0x000000008ca00000| Untracked 
| 202|0x000000008ca00000, 0x000000008cb00000, 0x000000008cb00000|100%| O|  |TAMS 0x000000008cb00000| PB 0x000000008cb00000| Updating 
| 203|0x000000008cb00000, 0x000000008cc00000, 0x000000008cc00000|100%| O|  |TAMS 0x000000008cc00000| PB 0x000000008cc00000| Untracked 
| 204|0x000000008cc00000, 0x000000008cd00000, 0x000000008cd00000|100%| O|  |TAMS 0x000000008cd00000| PB 0x000000008cd00000| Untracked 
| 205|0x000000008cd00000, 0x000000008ce00000, 0x000000008ce00000|100%| O|  |TAMS 0x000000008cd00000| PB 0x000000008cd00000| Untracked 
| 206|0x000000008ce00000, 0x000000008cf00000, 0x000000008cf00000|100%| O|  |TAMS 0x000000008ce00000| PB 0x000000008ce00000| Untracked 
| 207|0x000000008cf00000, 0x000000008d000000, 0x000000008d000000|100%| O|  |TAMS 0x000000008cf00000| PB 0x000000008cf00000| Untracked 
| 208|0x000000008d000000, 0x000000008d100000, 0x000000008d100000|100%| O|  |TAMS 0x000000008d000000| PB 0x000000008d000000| Untracked 
| 209|0x000000008d100000, 0x000000008d200000, 0x000000008d200000|100%| O|  |TAMS 0x000000008d100000| PB 0x000000008d100000| Untracked 
| 210|0x000000008d200000, 0x000000008d300000, 0x000000008d300000|100%| O|  |TAMS 0x000000008d200000| PB 0x000000008d200000| Untracked 
| 211|0x000000008d300000, 0x000000008d400000, 0x000000008d400000|100%| O|  |TAMS 0x000000008d300000| PB 0x000000008d300000| Untracked 
| 212|0x000000008d400000, 0x000000008d500000, 0x000000008d500000|100%| O|  |TAMS 0x000000008d400000| PB 0x000000008d400000| Untracked 
| 213|0x000000008d500000, 0x000000008d600000, 0x000000008d600000|100%| O|  |TAMS 0x000000008d500000| PB 0x000000008d500000| Untracked 
| 214|0x000000008d600000, 0x000000008d700000, 0x000000008d700000|100%| O|  |TAMS 0x000000008d600000| PB 0x000000008d600000| Untracked 
| 215|0x000000008d700000, 0x000000008d800000, 0x000000008d800000|100%| O|  |TAMS 0x000000008d700000| PB 0x000000008d700000| Untracked 
| 216|0x000000008d800000, 0x000000008d900000, 0x000000008d900000|100%| O|  |TAMS 0x000000008d800000| PB 0x000000008d800000| Untracked 
| 217|0x000000008d900000, 0x000000008da00000, 0x000000008da00000|100%| O|  |TAMS 0x000000008d900000| PB 0x000000008d900000| Untracked 
| 218|0x000000008da00000, 0x000000008db00000, 0x000000008db00000|100%| O|  |TAMS 0x000000008da00000| PB 0x000000008da00000| Untracked 
| 219|0x000000008db00000, 0x000000008dc00000, 0x000000008dc00000|100%| O|  |TAMS 0x000000008db00000| PB 0x000000008db00000| Untracked 
| 220|0x000000008dc00000, 0x000000008dd00000, 0x000000008dd00000|100%| O|  |TAMS 0x000000008dc00000| PB 0x000000008dc00000| Untracked 
| 221|0x000000008dd00000, 0x000000008de00000, 0x000000008de00000|100%| O|  |TAMS 0x000000008dd00000| PB 0x000000008dd00000| Untracked 
| 222|0x000000008de00000, 0x000000008df00000, 0x000000008df00000|100%| O|  |TAMS 0x000000008de00000| PB 0x000000008de00000| Untracked 
| 223|0x000000008df00000, 0x000000008e000000, 0x000000008e000000|100%| O|  |TAMS 0x000000008df00000| PB 0x000000008df00000| Untracked 
| 224|0x000000008e000000, 0x000000008e100000, 0x000000008e100000|100%| O|  |TAMS 0x000000008e000000| PB 0x000000008e000000| Untracked 
| 225|0x000000008e100000, 0x000000008e200000, 0x000000008e200000|100%| O|  |TAMS 0x000000008e100000| PB 0x000000008e100000| Untracked 
| 226|0x000000008e200000, 0x000000008e300000, 0x000000008e300000|100%| O|  |TAMS 0x000000008e200000| PB 0x000000008e200000| Untracked 
| 227|0x000000008e300000, 0x000000008e400000, 0x000000008e400000|100%| O|  |TAMS 0x000000008e300000| PB 0x000000008e300000| Untracked 
| 228|0x000000008e400000, 0x000000008e500000, 0x000000008e500000|100%| O|  |TAMS 0x000000008e400000| PB 0x000000008e400000| Untracked 
| 229|0x000000008e500000, 0x000000008e600000, 0x000000008e600000|100%| O|  |TAMS 0x000000008e500000| PB 0x000000008e500000| Untracked 
| 230|0x000000008e600000, 0x000000008e700000, 0x000000008e700000|100%| O|  |TAMS 0x000000008e600000| PB 0x000000008e600000| Untracked 
| 231|0x000000008e700000, 0x000000008e800000, 0x000000008e800000|100%| O|  |TAMS 0x000000008e700000| PB 0x000000008e700000| Untracked 
| 232|0x000000008e800000, 0x000000008e900000, 0x000000008e900000|100%| O|  |TAMS 0x000000008e800000| PB 0x000000008e800000| Untracked 
| 233|0x000000008e900000, 0x000000008ea00000, 0x000000008ea00000|100%| O|  |TAMS 0x000000008e900000| PB 0x000000008e900000| Untracked 
| 234|0x000000008ea00000, 0x000000008eb00000, 0x000000008eb00000|100%| O|  |TAMS 0x000000008ea00000| PB 0x000000008ea00000| Untracked 
| 235|0x000000008eb00000, 0x000000008ec00000, 0x000000008ec00000|100%| O|  |TAMS 0x000000008eb00000| PB 0x000000008eb00000| Untracked 
| 236|0x000000008ec00000, 0x000000008ed00000, 0x000000008ed00000|100%| O|  |TAMS 0x000000008ec00000| PB 0x000000008ec00000| Untracked 
| 237|0x000000008ed00000, 0x000000008ee00000, 0x000000008ee00000|100%| O|  |TAMS 0x000000008ed00000| PB 0x000000008ed00000| Untracked 
| 238|0x000000008ee00000, 0x000000008ef00000, 0x000000008ef00000|100%| O|  |TAMS 0x000000008ee00000| PB 0x000000008ee00000| Untracked 
| 239|0x000000008ef00000, 0x000000008f000000, 0x000000008f000000|100%| O|  |TAMS 0x000000008ef00000| PB 0x000000008ef00000| Untracked 
| 240|0x000000008f000000, 0x000000008f100000, 0x000000008f100000|100%| O|  |TAMS 0x000000008f000000| PB 0x000000008f000000| Untracked 
| 241|0x000000008f100000, 0x000000008f200000, 0x000000008f200000|100%| O|  |TAMS 0x000000008f100000| PB 0x000000008f100000| Untracked 
| 242|0x000000008f200000, 0x000000008f200000, 0x000000008f300000|  0%| F|  |TAMS 0x000000008f200000| PB 0x000000008f200000| Untracked 
| 243|0x000000008f300000, 0x000000008f300000, 0x000000008f400000|  0%| F|  |TAMS 0x000000008f300000| PB 0x000000008f300000| Untracked 
| 244|0x000000008f400000, 0x000000008f400000, 0x000000008f500000|  0%| F|  |TAMS 0x000000008f400000| PB 0x000000008f400000| Untracked 
| 245|0x000000008f500000, 0x000000008f500000, 0x000000008f600000|  0%| F|  |TAMS 0x000000008f500000| PB 0x000000008f500000| Untracked 
| 246|0x000000008f600000, 0x000000008f600000, 0x000000008f700000|  0%| F|  |TAMS 0x000000008f600000| PB 0x000000008f600000| Untracked 
| 247|0x000000008f700000, 0x000000008f700000, 0x000000008f800000|  0%| F|  |TAMS 0x000000008f700000| PB 0x000000008f700000| Untracked 
| 248|0x000000008f800000, 0x000000008f800000, 0x000000008f900000|  0%| F|  |TAMS 0x000000008f800000| PB 0x000000008f800000| Untracked 
| 249|0x000000008f900000, 0x000000008f900000, 0x000000008fa00000|  0%| F|  |TAMS 0x000000008f900000| PB 0x000000008f900000| Untracked 
| 250|0x000000008fa00000, 0x000000008fa00000, 0x000000008fb00000|  0%| F|  |TAMS 0x000000008fa00000| PB 0x000000008fa00000| Untracked 
| 251|0x000000008fb00000, 0x000000008fb00000, 0x000000008fc00000|  0%| F|  |TAMS 0x000000008fb00000| PB 0x000000008fb00000| Untracked 
| 252|0x000000008fc00000, 0x000000008fc00000, 0x000000008fd00000|  0%| F|  |TAMS 0x000000008fc00000| PB 0x000000008fc00000| Untracked 
| 253|0x000000008fd00000, 0x000000008fd00000, 0x000000008fe00000|  0%| F|  |TAMS 0x000000008fd00000| PB 0x000000008fd00000| Untracked 
| 254|0x000000008fe00000, 0x000000008fe00000, 0x000000008ff00000|  0%| F|  |TAMS 0x000000008fe00000| PB 0x000000008fe00000| Untracked 
| 255|0x000000008ff00000, 0x0000000090000000, 0x0000000090000000|100%| O|  |TAMS 0x000000008ff00000| PB 0x000000008ff00000| Untracked 
| 256|0x0000000090000000, 0x0000000090100000, 0x0000000090100000|100%| O|  |TAMS 0x0000000090000000| PB 0x0000000090000000| Untracked 
| 257|0x0000000090100000, 0x0000000090200000, 0x0000000090200000|100%| O|  |TAMS 0x0000000090100000| PB 0x0000000090100000| Untracked 
| 258|0x0000000090200000, 0x0000000090300000, 0x0000000090300000|100%| S|CS|TAMS 0x0000000090200000| PB 0x0000000090200000| Complete 
| 259|0x0000000090300000, 0x0000000090400000, 0x0000000090400000|100%| S|CS|TAMS 0x0000000090300000| PB 0x0000000090300000| Complete 
| 260|0x0000000090400000, 0x0000000090500000, 0x0000000090500000|100%| S|CS|TAMS 0x0000000090400000| PB 0x0000000090400000| Complete 
| 261|0x0000000090500000, 0x0000000090600000, 0x0000000090600000|100%| S|CS|TAMS 0x0000000090500000| PB 0x0000000090500000| Complete 
| 262|0x0000000090600000, 0x0000000090700000, 0x0000000090700000|100%| S|CS|TAMS 0x0000000090600000| PB 0x0000000090600000| Complete 
| 263|0x0000000090700000, 0x0000000090800000, 0x0000000090800000|100%| S|CS|TAMS 0x0000000090700000| PB 0x0000000090700000| Complete 
| 264|0x0000000090800000, 0x0000000090900000, 0x0000000090900000|100%| S|CS|TAMS 0x0000000090800000| PB 0x0000000090800000| Complete 
| 265|0x0000000090900000, 0x0000000090a00000, 0x0000000090a00000|100%| S|CS|TAMS 0x0000000090900000| PB 0x0000000090900000| Complete 
| 266|0x0000000090a00000, 0x0000000090b00000, 0x0000000090b00000|100%| S|CS|TAMS 0x0000000090a00000| PB 0x0000000090a00000| Complete 
| 267|0x0000000090b00000, 0x0000000090c00000, 0x0000000090c00000|100%| S|CS|TAMS 0x0000000090b00000| PB 0x0000000090b00000| Complete 
| 268|0x0000000090c00000, 0x0000000090d00000, 0x0000000090d00000|100%| S|CS|TAMS 0x0000000090c00000| PB 0x0000000090c00000| Complete 
| 269|0x0000000090d00000, 0x0000000090d00000, 0x0000000090e00000|  0%| F|  |TAMS 0x0000000090d00000| PB 0x0000000090d00000| Untracked 
| 270|0x0000000090e00000, 0x0000000090e00000, 0x0000000090f00000|  0%| F|  |TAMS 0x0000000090e00000| PB 0x0000000090e00000| Untracked 
| 271|0x0000000090f00000, 0x0000000090f00000, 0x0000000091000000|  0%| F|  |TAMS 0x0000000090f00000| PB 0x0000000090f00000| Untracked 
| 272|0x0000000091000000, 0x0000000091000000, 0x0000000091100000|  0%| F|  |TAMS 0x0000000091000000| PB 0x0000000091000000| Untracked 
| 273|0x0000000091100000, 0x0000000091100000, 0x0000000091200000|  0%| F|  |TAMS 0x0000000091100000| PB 0x0000000091100000| Untracked 
| 274|0x0000000091200000, 0x0000000091200000, 0x0000000091300000|  0%| F|  |TAMS 0x0000000091200000| PB 0x0000000091200000| Untracked 
| 275|0x0000000091300000, 0x0000000091300000, 0x0000000091400000|  0%| F|  |TAMS 0x0000000091300000| PB 0x0000000091300000| Untracked 
| 276|0x0000000091400000, 0x0000000091400000, 0x0000000091500000|  0%| F|  |TAMS 0x0000000091400000| PB 0x0000000091400000| Untracked 
| 277|0x0000000091500000, 0x0000000091500000, 0x0000000091600000|  0%| F|  |TAMS 0x0000000091500000| PB 0x0000000091500000| Untracked 
| 278|0x0000000091600000, 0x0000000091600000, 0x0000000091700000|  0%| F|  |TAMS 0x0000000091600000| PB 0x0000000091600000| Untracked 
| 279|0x0000000091700000, 0x0000000091700000, 0x0000000091800000|  0%| F|  |TAMS 0x0000000091700000| PB 0x0000000091700000| Untracked 
| 280|0x0000000091800000, 0x0000000091800000, 0x0000000091900000|  0%| F|  |TAMS 0x0000000091800000| PB 0x0000000091800000| Untracked 
| 281|0x0000000091900000, 0x0000000091900000, 0x0000000091a00000|  0%| F|  |TAMS 0x0000000091900000| PB 0x0000000091900000| Untracked 
| 282|0x0000000091a00000, 0x0000000091a00000, 0x0000000091b00000|  0%| F|  |TAMS 0x0000000091a00000| PB 0x0000000091a00000| Untracked 
| 283|0x0000000091b00000, 0x0000000091b00000, 0x0000000091c00000|  0%| F|  |TAMS 0x0000000091b00000| PB 0x0000000091b00000| Untracked 
| 284|0x0000000091c00000, 0x0000000091c00000, 0x0000000091d00000|  0%| F|  |TAMS 0x0000000091c00000| PB 0x0000000091c00000| Untracked 
| 285|0x0000000091d00000, 0x0000000091d00000, 0x0000000091e00000|  0%| F|  |TAMS 0x0000000091d00000| PB 0x0000000091d00000| Untracked 
| 286|0x0000000091e00000, 0x0000000091e00000, 0x0000000091f00000|  0%| F|  |TAMS 0x0000000091e00000| PB 0x0000000091e00000| Untracked 
| 287|0x0000000091f00000, 0x0000000091f00000, 0x0000000092000000|  0%| F|  |TAMS 0x0000000091f00000| PB 0x0000000091f00000| Untracked 
| 288|0x0000000092000000, 0x0000000092000000, 0x0000000092100000|  0%| F|  |TAMS 0x0000000092000000| PB 0x0000000092000000| Untracked 
| 289|0x0000000092100000, 0x0000000092100000, 0x0000000092200000|  0%| F|  |TAMS 0x0000000092100000| PB 0x0000000092100000| Untracked 
| 290|0x0000000092200000, 0x0000000092200000, 0x0000000092300000|  0%| F|  |TAMS 0x0000000092200000| PB 0x0000000092200000| Untracked 
| 291|0x0000000092300000, 0x0000000092300000, 0x0000000092400000|  0%| F|  |TAMS 0x0000000092300000| PB 0x0000000092300000| Untracked 
| 292|0x0000000092400000, 0x0000000092400000, 0x0000000092500000|  0%| F|  |TAMS 0x0000000092400000| PB 0x0000000092400000| Untracked 
| 293|0x0000000092500000, 0x0000000092500000, 0x0000000092600000|  0%| F|  |TAMS 0x0000000092500000| PB 0x0000000092500000| Untracked 
| 294|0x0000000092600000, 0x0000000092600000, 0x0000000092700000|  0%| F|  |TAMS 0x0000000092600000| PB 0x0000000092600000| Untracked 
| 295|0x0000000092700000, 0x0000000092700000, 0x0000000092800000|  0%| F|  |TAMS 0x0000000092700000| PB 0x0000000092700000| Untracked 
| 296|0x0000000092800000, 0x0000000092800000, 0x0000000092900000|  0%| F|  |TAMS 0x0000000092800000| PB 0x0000000092800000| Untracked 
| 297|0x0000000092900000, 0x0000000092900000, 0x0000000092a00000|  0%| F|  |TAMS 0x0000000092900000| PB 0x0000000092900000| Untracked 
| 298|0x0000000092a00000, 0x0000000092a00000, 0x0000000092b00000|  0%| F|  |TAMS 0x0000000092a00000| PB 0x0000000092a00000| Untracked 
| 299|0x0000000092b00000, 0x0000000092b00000, 0x0000000092c00000|  0%| F|  |TAMS 0x0000000092b00000| PB 0x0000000092b00000| Untracked 
| 300|0x0000000092c00000, 0x0000000092c00000, 0x0000000092d00000|  0%| F|  |TAMS 0x0000000092c00000| PB 0x0000000092c00000| Untracked 
| 301|0x0000000092d00000, 0x0000000092d00000, 0x0000000092e00000|  0%| F|  |TAMS 0x0000000092d00000| PB 0x0000000092d00000| Untracked 
| 302|0x0000000092e00000, 0x0000000092e00000, 0x0000000092f00000|  0%| F|  |TAMS 0x0000000092e00000| PB 0x0000000092e00000| Untracked 
| 303|0x0000000092f00000, 0x0000000092f00000, 0x0000000093000000|  0%| F|  |TAMS 0x0000000092f00000| PB 0x0000000092f00000| Untracked 
| 304|0x0000000093000000, 0x0000000093000000, 0x0000000093100000|  0%| F|  |TAMS 0x0000000093000000| PB 0x0000000093000000| Untracked 
| 305|0x0000000093100000, 0x0000000093100000, 0x0000000093200000|  0%| F|  |TAMS 0x0000000093100000| PB 0x0000000093100000| Untracked 
| 306|0x0000000093200000, 0x0000000093200000, 0x0000000093300000|  0%| F|  |TAMS 0x0000000093200000| PB 0x0000000093200000| Untracked 
| 307|0x0000000093300000, 0x0000000093300000, 0x0000000093400000|  0%| F|  |TAMS 0x0000000093300000| PB 0x0000000093300000| Untracked 
| 308|0x0000000093400000, 0x0000000093400000, 0x0000000093500000|  0%| F|  |TAMS 0x0000000093400000| PB 0x0000000093400000| Untracked 
| 309|0x0000000093500000, 0x0000000093500000, 0x0000000093600000|  0%| F|  |TAMS 0x0000000093500000| PB 0x0000000093500000| Untracked 
| 310|0x0000000093600000, 0x0000000093600000, 0x0000000093700000|  0%| F|  |TAMS 0x0000000093600000| PB 0x0000000093600000| Untracked 
| 311|0x0000000093700000, 0x0000000093700000, 0x0000000093800000|  0%| F|  |TAMS 0x0000000093700000| PB 0x0000000093700000| Untracked 
| 312|0x0000000093800000, 0x0000000093800000, 0x0000000093900000|  0%| F|  |TAMS 0x0000000093800000| PB 0x0000000093800000| Untracked 
| 313|0x0000000093900000, 0x0000000093900000, 0x0000000093a00000|  0%| F|  |TAMS 0x0000000093900000| PB 0x0000000093900000| Untracked 
| 314|0x0000000093a00000, 0x0000000093a00000, 0x0000000093b00000|  0%| F|  |TAMS 0x0000000093a00000| PB 0x0000000093a00000| Untracked 
| 315|0x0000000093b00000, 0x0000000093b00000, 0x0000000093c00000|  0%| F|  |TAMS 0x0000000093b00000| PB 0x0000000093b00000| Untracked 
| 316|0x0000000093c00000, 0x0000000093c00000, 0x0000000093d00000|  0%| F|  |TAMS 0x0000000093c00000| PB 0x0000000093c00000| Untracked 
| 317|0x0000000093d00000, 0x0000000093d00000, 0x0000000093e00000|  0%| F|  |TAMS 0x0000000093d00000| PB 0x0000000093d00000| Untracked 
| 318|0x0000000093e00000, 0x0000000093e00000, 0x0000000093f00000|  0%| F|  |TAMS 0x0000000093e00000| PB 0x0000000093e00000| Untracked 
| 319|0x0000000093f00000, 0x0000000093f00000, 0x0000000094000000|  0%| F|  |TAMS 0x0000000093f00000| PB 0x0000000093f00000| Untracked 
| 320|0x0000000094000000, 0x0000000094000000, 0x0000000094100000|  0%| F|  |TAMS 0x0000000094000000| PB 0x0000000094000000| Untracked 
| 321|0x0000000094100000, 0x0000000094100000, 0x0000000094200000|  0%| F|  |TAMS 0x0000000094100000| PB 0x0000000094100000| Untracked 
| 322|0x0000000094200000, 0x0000000094200000, 0x0000000094300000|  0%| F|  |TAMS 0x0000000094200000| PB 0x0000000094200000| Untracked 
|2008|0x00000000fd800000, 0x00000000fd880000, 0x00000000fd900000| 50%| O|  |TAMS 0x00000000fd800000| PB 0x00000000fd800000| Updating 
|2009|0x00000000fd900000, 0x00000000fda00000, 0x00000000fda00000|100%| O|  |TAMS 0x00000000fd900000| PB 0x00000000fd900000| Untracked 
|2010|0x00000000fda00000, 0x00000000fdb00000, 0x00000000fdb00000|100%| O|  |TAMS 0x00000000fda00000| PB 0x00000000fda00000| Untracked 
|2011|0x00000000fdb00000, 0x00000000fdc00000, 0x00000000fdc00000|100%| O|  |TAMS 0x00000000fdb00000| PB 0x00000000fdb00000| Untracked 
|2012|0x00000000fdc00000, 0x00000000fdd00000, 0x00000000fdd00000|100%| O|  |TAMS 0x00000000fdc00000| PB 0x00000000fdc00000| Untracked 
|2013|0x00000000fdd00000, 0x00000000fde00000, 0x00000000fde00000|100%| O|  |TAMS 0x00000000fdd00000| PB 0x00000000fdd00000| Untracked 
|2014|0x00000000fde00000, 0x00000000fdf00000, 0x00000000fdf00000|100%| O|  |TAMS 0x00000000fde00000| PB 0x00000000fde00000| Untracked 
|2015|0x00000000fdf00000, 0x00000000fe000000, 0x00000000fe000000|100%| O|  |TAMS 0x00000000fdf00000| PB 0x00000000fdf00000| Untracked 
|2016|0x00000000fe000000, 0x00000000fe100000, 0x00000000fe100000|100%| O|  |TAMS 0x00000000fe100000| PB 0x00000000fe100000| Updating 
|2017|0x00000000fe100000, 0x00000000fe200000, 0x00000000fe200000|100%| O|  |TAMS 0x00000000fe200000| PB 0x00000000fe200000| Updating 
|2018|0x00000000fe200000, 0x00000000fe300000, 0x00000000fe300000|100%| O|  |TAMS 0x00000000fe300000| PB 0x00000000fe300000| Updating 
|2019|0x00000000fe300000, 0x00000000fe400000, 0x00000000fe400000|100%| O|  |TAMS 0x00000000fe400000| PB 0x00000000fe400000| Updating 
|2020|0x00000000fe400000, 0x00000000fe500000, 0x00000000fe500000|100%| O|  |TAMS 0x00000000fe500000| PB 0x00000000fe500000| Updating 
|2021|0x00000000fe500000, 0x00000000fe600000, 0x00000000fe600000|100%| O|  |TAMS 0x00000000fe600000| PB 0x00000000fe600000| Untracked 
|2022|0x00000000fe600000, 0x00000000fe700000, 0x00000000fe700000|100%| O|  |TAMS 0x00000000fe700000| PB 0x00000000fe700000| Updating 
|2023|0x00000000fe700000, 0x00000000fe800000, 0x00000000fe800000|100%| O|  |TAMS 0x00000000fe800000| PB 0x00000000fe800000| Untracked 
|2024|0x00000000fe800000, 0x00000000fe900000, 0x00000000fe900000|100%| O|  |TAMS 0x00000000fe900000| PB 0x00000000fe900000| Updating 
|2025|0x00000000fe900000, 0x00000000fea00000, 0x00000000fea00000|100%| O|  |TAMS 0x00000000fea00000| PB 0x00000000fea00000| Untracked 
|2026|0x00000000fea00000, 0x00000000feb00000, 0x00000000feb00000|100%| O|  |TAMS 0x00000000feb00000| PB 0x00000000feb00000| Untracked 
|2027|0x00000000feb00000, 0x00000000fec00000, 0x00000000fec00000|100%| O|  |TAMS 0x00000000fec00000| PB 0x00000000fec00000| Updating 
|2028|0x00000000fec00000, 0x00000000fed00000, 0x00000000fed00000|100%| O|  |TAMS 0x00000000fed00000| PB 0x00000000fed00000| Updating 
|2029|0x00000000fed00000, 0x00000000fee00000, 0x00000000fee00000|100%| O|  |TAMS 0x00000000fee00000| PB 0x00000000fee00000| Updating 
|2030|0x00000000fee00000, 0x00000000fef00000, 0x00000000fef00000|100%| O|  |TAMS 0x00000000fef00000| PB 0x00000000fef00000| Updating 
|2031|0x00000000fef00000, 0x00000000ff000000, 0x00000000ff000000|100%| O|  |TAMS 0x00000000ff000000| PB 0x00000000ff000000| Untracked 
|2032|0x00000000ff000000, 0x00000000ff000000, 0x00000000ff100000|  0%| F|  |TAMS 0x00000000ff000000| PB 0x00000000ff000000| Untracked 
|2033|0x00000000ff100000, 0x00000000ff100000, 0x00000000ff200000|  0%| F|  |TAMS 0x00000000ff100000| PB 0x00000000ff100000| Untracked 
|2034|0x00000000ff200000, 0x00000000ff200000, 0x00000000ff300000|  0%| F|  |TAMS 0x00000000ff200000| PB 0x00000000ff200000| Untracked 
|2035|0x00000000ff300000, 0x00000000ff400000, 0x00000000ff400000|100%| E|  |TAMS 0x00000000ff300000| PB 0x00000000ff300000| Complete 
|2036|0x00000000ff400000, 0x00000000ff500000, 0x00000000ff500000|100%| E|CS|TAMS 0x00000000ff400000| PB 0x00000000ff400000| Complete 
|2037|0x00000000ff500000, 0x00000000ff600000, 0x00000000ff600000|100%| E|CS|TAMS 0x00000000ff500000| PB 0x00000000ff500000| Complete 
|2038|0x00000000ff600000, 0x00000000ff700000, 0x00000000ff700000|100%| E|CS|TAMS 0x00000000ff600000| PB 0x00000000ff600000| Complete 
|2039|0x00000000ff700000, 0x00000000ff800000, 0x00000000ff800000|100%| E|CS|TAMS 0x00000000ff700000| PB 0x00000000ff700000| Complete 
|2040|0x00000000ff800000, 0x00000000ff900000, 0x00000000ff900000|100%| E|CS|TAMS 0x00000000ff800000| PB 0x00000000ff800000| Complete 
|2041|0x00000000ff900000, 0x00000000ffa00000, 0x00000000ffa00000|100%| E|CS|TAMS 0x00000000ff900000| PB 0x00000000ff900000| Complete 
|2042|0x00000000ffa00000, 0x00000000ffb00000, 0x00000000ffb00000|100%| E|CS|TAMS 0x00000000ffa00000| PB 0x00000000ffa00000| Complete 
|2043|0x00000000ffb00000, 0x00000000ffc00000, 0x00000000ffc00000|100%| E|CS|TAMS 0x00000000ffb00000| PB 0x00000000ffb00000| Complete 
|2044|0x00000000ffc00000, 0x00000000ffd00000, 0x00000000ffd00000|100%| E|CS|TAMS 0x00000000ffc00000| PB 0x00000000ffc00000| Complete 
|2045|0x00000000ffd00000, 0x00000000ffe00000, 0x00000000ffe00000|100%| E|CS|TAMS 0x00000000ffd00000| PB 0x00000000ffd00000| Complete 
|2046|0x00000000ffe00000, 0x00000000fff00000, 0x00000000fff00000|100%| E|CS|TAMS 0x00000000ffe00000| PB 0x00000000ffe00000| Complete 
|2047|0x00000000fff00000, 0x0000000100000000, 0x0000000100000000|100%| O|  |TAMS 0x0000000100000000| PB 0x0000000100000000| Updating 

Card table byte_map: [0x000001b7ce800000,0x000001b7cec00000] _byte_map_base: 0x000001b7ce400000

Marking Bits: (CMBitMap*) 0x000001b7bb973b90
 Bits: [0x000001b7cec00000, 0x000001b7d0c00000)

Polling page: 0x000001b7b9840000

Metaspace:

Usage:
  Non-class:    132.23 MB used.
      Class:     19.75 MB used.
       Both:    151.98 MB used.

Virtual space:
  Non-class space:      192.00 MB reserved,     133.44 MB ( 69%) committed,  3 nodes.
      Class space:        1.00 GB reserved,      20.94 MB (  2%) committed,  1 nodes.
             Both:        1.19 GB reserved,     154.38 MB ( 13%) committed. 

Chunk freelists:
   Non-Class:  9.72 MB
       Class:  11.00 MB
        Both:  20.72 MB

MaxMetaspaceSize: unlimited
CompressedClassSpaceSize: 1.00 GB
Initial GC threshold: 21.00 MB
Current GC threshold: 224.94 MB
CDS: off
 - commit_granule_bytes: 65536.
 - commit_granule_words: 8192.
 - virtual_space_node_default_size: 8388608.
 - enlarge_chunks_in_place: 1.
 - use_allocation_guard: 0.


Internal statistics:

num_allocs_failed_limit: 12.
num_arena_births: 4834.
num_arena_deaths: 0.
num_vsnodes_births: 4.
num_vsnodes_deaths: 0.
num_space_committed: 2468.
num_space_uncommitted: 0.
num_chunks_returned_to_freelist: 12.
num_chunks_taken_from_freelist: 11316.
num_chunk_merges: 12.
num_chunk_splits: 7388.
num_chunks_enlarged: 4691.
num_inconsistent_stats: 0.

CodeHeap 'non-profiled nmethods': size=119168Kb used=16440Kb max_used=18101Kb free=102727Kb
 bounds [0x000001b7c6600000, 0x000001b7c77b0000, 0x000001b7cda60000]
CodeHeap 'profiled nmethods': size=119104Kb used=32453Kb max_used=34819Kb free=86650Kb
 bounds [0x000001b7bea60000, 0x000001b7c0c70000, 0x000001b7c5eb0000]
CodeHeap 'non-nmethods': size=7488Kb used=3989Kb max_used=4054Kb free=3499Kb
 bounds [0x000001b7c5eb0000, 0x000001b7c62b0000, 0x000001b7c6600000]
 total_blobs=16790 nmethods=15796 adapters=893
 compilation: enabled
              stopped_count=0, restarted_count=0
 full_count=0

Compilation events (20 events):
Event: 1383.143 Thread 0x000001b7d3f11720 29706       3       android.databinding.tool.store.BindingAdapterStore$merge$$inlined$merge$2::accept (10 bytes)
Event: 1383.143 Thread 0x000001b7d9514840 29707       3       android.databinding.tool.store.BindingAdapterStore$merge$$inlined$merge$2::accept (104 bytes)
Event: 1383.143 Thread 0x000001b7dcd1f8a0 29708       3       android.databinding.tool.store.BindingAdapterStore$merge$$inlined$merge$2$1::<init> (10 bytes)
Event: 1383.143 Thread 0x000001b7d9518590 nmethod 29705 0x000001b7c0c63610 code [0x000001b7c0c637c0, 0x000001b7c0c63970]
Event: 1383.143 Thread 0x000001b7d3f11720 nmethod 29706 0x000001b7c0c63a90 code [0x000001b7c0c63c40, 0x000001b7c0c63e78]
Event: 1383.143 Thread 0x000001b7d3f11720 29709       3       android.databinding.tool.store.SetterStore::mergedHashCode (5 bytes)
Event: 1383.144 Thread 0x000001b7dcd1f8a0 nmethod 29708 0x000001b7c0c63f90 code [0x000001b7c0c64140, 0x000001b7c0c64308]
Event: 1383.144 Thread 0x000001b7d3f11720 nmethod 29709 0x000001b7c0c64410 code [0x000001b7c0c645c0, 0x000001b7c0c646d8]
Event: 1383.144 Thread 0x000001b7d9514840 nmethod 29707 0x000001b7c0c64790 code [0x000001b7c0c64a40, 0x000001b7c0c656d8]
Event: 1383.145 Thread 0x000001b7d9518590 29710       3       com.sun.org.apache.xerces.internal.impl.XMLDocumentFragmentScannerImpl$ElementStack::<init> (57 bytes)
Event: 1383.145 Thread 0x000001b7dcd1f8a0 29711       3       com.sun.org.apache.xerces.internal.impl.XMLDocumentFragmentScannerImpl$ElementStack2::<init> (59 bytes)
Event: 1383.145 Thread 0x000001b7d9518590 nmethod 29710 0x000001b7c0c65c90 code [0x000001b7c0c65e80, 0x000001b7c0c665b0]
Event: 1383.145 Thread 0x000001b7dcd1f8a0 nmethod 29711 0x000001b7c0c66810 code [0x000001b7c0c66a00, 0x000001b7c0c67050]
Event: 1383.148 Thread 0x000001b7dcd1cfc0 nmethod 29677 0x000001b7c779ee90 code [0x000001b7c779f120, 0x000001b7c779f8d0]
Event: 1383.148 Thread 0x000001b7dcd1cfc0 29678       4       com.sun.tools.javac.code.Types::isSubtypeUncheckedInternal (163 bytes)
Event: 1383.150 Thread 0x000001b7dcd1dd60 nmethod 29692 0x000001b7c77a0390 code [0x000001b7c77a06a0, 0x000001b7c77a10e8]
Event: 1383.151 Thread 0x000001b7dcd1dd60 29679       4       com.sun.tools.javac.code.Types$4::visitClassType (10 bytes)
Event: 1383.153 Thread 0x000001b7dcd22850 nmethod 29535 0x000001b7c77a1b90 code [0x000001b7c77a2420, 0x000001b7c77a8b78]
Event: 1383.153 Thread 0x000001b7dcd22850 29691       4       com.sun.tools.javac.comp.Check::validateAnnotation (835 bytes)
Event: 1383.170 Thread 0x000001b7dcd1cfc0 nmethod 29678 0x000001b7c77ac390 code [0x000001b7c77ac600, 0x000001b7c77acd68]

GC Heap History (20 events):
Event: 1162.173 GC heap before
{Heap before GC invocations=60 (full 0):
 garbage-first heap   total 326656K, used 294769K [0x0000000080000000, 0x0000000100000000)
  region size 1024K, 114 young (116736K), 10 survivors (10240K)
 Metaspace       used 131507K, committed 133760K, reserved 1179648K
  class space    used 17425K, committed 18560K, reserved 1048576K
}
Event: 1162.180 GC heap after
{Heap after GC invocations=61 (full 0):
 garbage-first heap   total 326656K, used 176628K [0x0000000080000000, 0x0000000100000000)
  region size 1024K, 5 young (5120K), 5 survivors (5120K)
 Metaspace       used 131507K, committed 133760K, reserved 1179648K
  class space    used 17425K, committed 18560K, reserved 1048576K
}
Event: 1342.887 GC heap before
{Heap before GC invocations=61 (full 0):
 garbage-first heap   total 326656K, used 289268K [0x0000000080000000, 0x0000000100000000)
  region size 1024K, 114 young (116736K), 5 survivors (5120K)
 Metaspace       used 131813K, committed 134016K, reserved 1179648K
  class space    used 17429K, committed 18560K, reserved 1048576K
}
Event: 1342.917 GC heap after
{Heap after GC invocations=62 (full 0):
 garbage-first heap   total 326656K, used 180007K [0x0000000080000000, 0x0000000100000000)
  region size 1024K, 15 young (15360K), 15 survivors (15360K)
 Metaspace       used 131813K, committed 134016K, reserved 1179648K
  class space    used 17429K, committed 18560K, reserved 1048576K
}
Event: 1343.027 GC heap before
{Heap before GC invocations=62 (full 0):
 garbage-first heap   total 326656K, used 210727K [0x0000000080000000, 0x0000000100000000)
  region size 1024K, 47 young (48128K), 15 survivors (15360K)
 Metaspace       used 131837K, committed 134080K, reserved 1179648K
  class space    used 17429K, committed 18560K, reserved 1048576K
}
Event: 1343.043 GC heap after
{Heap after GC invocations=63 (full 0):
 garbage-first heap   total 326656K, used 198008K [0x0000000080000000, 0x0000000100000000)
  region size 1024K, 15 young (15360K), 15 survivors (15360K)
 Metaspace       used 131837K, committed 134080K, reserved 1179648K
  class space    used 17429K, committed 18560K, reserved 1048576K
}
Event: 1347.738 GC heap before
{Heap before GC invocations=64 (full 0):
 garbage-first heap   total 347136K, used 267640K [0x0000000080000000, 0x0000000100000000)
  region size 1024K, 77 young (78848K), 15 survivors (15360K)
 Metaspace       used 131982K, committed 134272K, reserved 1179648K
  class space    used 17435K, committed 18560K, reserved 1048576K
}
Event: 1347.747 GC heap after
{Heap after GC invocations=65 (full 0):
 garbage-first heap   total 347136K, used 199271K [0x0000000080000000, 0x0000000100000000)
  region size 1024K, 9 young (9216K), 9 survivors (9216K)
 Metaspace       used 131982K, committed 134272K, reserved 1179648K
  class space    used 17435K, committed 18560K, reserved 1048576K
}
Event: 1348.460 GC heap before
{Heap before GC invocations=65 (full 0):
 garbage-first heap   total 347136K, used 277095K [0x0000000080000000, 0x0000000100000000)
  region size 1024K, 86 young (88064K), 9 survivors (9216K)
 Metaspace       used 133271K, committed 135552K, reserved 1179648K
  class space    used 17569K, committed 18752K, reserved 1048576K
}
Event: 1348.466 GC heap after
{Heap after GC invocations=66 (full 0):
 garbage-first heap   total 347136K, used 185191K [0x0000000080000000, 0x0000000100000000)
  region size 1024K, 6 young (6144K), 6 survivors (6144K)
 Metaspace       used 133271K, committed 135552K, reserved 1179648K
  class space    used 17569K, committed 18752K, reserved 1048576K
}
Event: 1350.073 GC heap before
{Heap before GC invocations=66 (full 0):
 garbage-first heap   total 347136K, used 277351K [0x0000000080000000, 0x0000000100000000)
  region size 1024K, 97 young (99328K), 6 survivors (6144K)
 Metaspace       used 135786K, committed 138048K, reserved 1179648K
  class space    used 17849K, committed 19008K, reserved 1048576K
}
Event: 1350.078 GC heap after
{Heap after GC invocations=67 (full 0):
 garbage-first heap   total 347136K, used 187640K [0x0000000080000000, 0x0000000100000000)
  region size 1024K, 9 young (9216K), 9 survivors (9216K)
 Metaspace       used 135786K, committed 138048K, reserved 1179648K
  class space    used 17849K, committed 19008K, reserved 1048576K
}
Event: 1380.093 GC heap before
{Heap before GC invocations=68 (full 0):
 garbage-first heap   total 347136K, used 273656K [0x0000000080000000, 0x0000000100000000)
  region size 1024K, 106 young (108544K), 9 survivors (9216K)
 Metaspace       used 144964K, committed 147328K, reserved 1179648K
  class space    used 19066K, committed 20288K, reserved 1048576K
}
Event: 1380.104 GC heap after
{Heap after GC invocations=69 (full 0):
 garbage-first heap   total 347136K, used 179253K [0x0000000080000000, 0x0000000100000000)
  region size 1024K, 10 young (10240K), 10 survivors (10240K)
 Metaspace       used 144964K, committed 147328K, reserved 1179648K
  class space    used 19066K, committed 20288K, reserved 1048576K
}
Event: 1381.686 GC heap before
{Heap before GC invocations=69 (full 0):
 garbage-first heap   total 347136K, used 292917K [0x0000000080000000, 0x0000000100000000)
  region size 1024K, 118 young (120832K), 10 survivors (10240K)
 Metaspace       used 150019K, committed 152448K, reserved 1245184K
  class space    used 19489K, committed 20736K, reserved 1048576K
}
Event: 1381.733 GC heap after
{Heap after GC invocations=70 (full 0):
 garbage-first heap   total 363520K, used 205698K [0x0000000080000000, 0x0000000100000000)
  region size 1024K, 15 young (15360K), 15 survivors (15360K)
 Metaspace       used 150019K, committed 152448K, reserved 1245184K
  class space    used 19489K, committed 20736K, reserved 1048576K
}
Event: 1382.764 GC heap before
{Heap before GC invocations=70 (full 0):
 garbage-first heap   total 363520K, used 291714K [0x0000000080000000, 0x0000000100000000)
  region size 1024K, 98 young (100352K), 15 survivors (15360K)
 Metaspace       used 155546K, committed 158016K, reserved 1245184K
  class space    used 20227K, committed 21440K, reserved 1048576K
}
Event: 1382.803 GC heap after
{Heap after GC invocations=71 (full 0):
 garbage-first heap   total 363520K, used 231936K [0x0000000080000000, 0x0000000100000000)
  region size 1024K, 13 young (13312K), 13 survivors (13312K)
 Metaspace       used 155546K, committed 158016K, reserved 1245184K
  class space    used 20227K, committed 21440K, reserved 1048576K
}
Event: 1383.028 GC heap before
{Heap before GC invocations=71 (full 0):
 garbage-first heap   total 363520K, used 302592K [0x0000000080000000, 0x0000000100000000)
  region size 1024K, 82 young (83968K), 13 survivors (13312K)
 Metaspace       used 155604K, committed 158016K, reserved 1245184K
  class space    used 20227K, committed 21440K, reserved 1048576K
}
Event: 1383.057 GC heap after
{Heap after GC invocations=72 (full 0):
 garbage-first heap   total 371712K, used 287232K [0x0000000080000000, 0x0000000100000000)
  region size 1024K, 11 young (11264K), 11 survivors (11264K)
 Metaspace       used 155604K, committed 158016K, reserved 1245184K
  class space    used 20227K, committed 21440K, reserved 1048576K
}

Dll operation events (3 events):
Event: 0.024 Loaded shared library C:\Program Files\Android\Android Studio\jbr\bin\java.dll
Event: 0.034 Loaded shared library C:\Program Files\Android\Android Studio\jbr\bin\zip.dll
Event: 0.423 Loaded shared library C:\Program Files\Android\Android Studio\jbr\bin\verify.dll

Deoptimization events (20 events):
Event: 1383.106 Thread 0x000001b7e6109760 DEOPT PACKING pc=0x000001b7c7731ba4 sp=0x000000b7206f95e0
Event: 1383.107 Thread 0x000001b7e6109760 DEOPT UNPACKING pc=0x000001b7c5f046a2 sp=0x000000b7206f94a8 mode 2
Event: 1383.107 Thread 0x000001b7e6109760 Uncommon trap: trap_request=0xffffffde fr.pc=0x000001b7c772856c relative=0x00000000000003ac
Event: 1383.107 Thread 0x000001b7e6109760 Uncommon trap: reason=class_check action=maybe_recompile pc=0x000001b7c772856c method=com.sun.tools.javac.code.Types.capture(Lcom/sun/tools/javac/code/Type;)Lcom/sun/tools/javac/code/Type; @ 13 c2
Event: 1383.107 Thread 0x000001b7e6109760 DEOPT PACKING pc=0x000001b7c772856c sp=0x000000b7206f9510
Event: 1383.107 Thread 0x000001b7e6109760 DEOPT UNPACKING pc=0x000001b7c5f046a2 sp=0x000000b7206f9490 mode 2
Event: 1383.107 Thread 0x000001b7e6109760 Uncommon trap: trap_request=0xffffffde fr.pc=0x000001b7c772aa68 relative=0x00000000000001e8
Event: 1383.107 Thread 0x000001b7e6109760 Uncommon trap: reason=class_check action=maybe_recompile pc=0x000001b7c772aa68 method=com.sun.tools.javac.code.Type$ClassType.isErroneous()Z @ 1 c2
Event: 1383.107 Thread 0x000001b7e6109760 DEOPT PACKING pc=0x000001b7c772aa68 sp=0x000000b7206f9ce0
Event: 1383.107 Thread 0x000001b7e6109760 DEOPT UNPACKING pc=0x000001b7c5f046a2 sp=0x000000b7206f9ca0 mode 2
Event: 1383.116 Thread 0x000001b7e6109760 DEOPT PACKING pc=0x000001b7bfaea50a sp=0x000000b7206fa220
Event: 1383.116 Thread 0x000001b7e6109760 DEOPT UNPACKING pc=0x000001b7c5f04e42 sp=0x000000b7206f9688 mode 0
Event: 1383.131 Thread 0x000001b7e6109760 Uncommon trap: trap_request=0xffffffde fr.pc=0x000001b7c7759c98 relative=0x0000000000001e78
Event: 1383.131 Thread 0x000001b7e6109760 Uncommon trap: reason=class_check action=maybe_recompile pc=0x000001b7c7759c98 method=com.sun.tools.javac.comp.Check.validateAnnotation(Lcom/sun/tools/javac/tree/JCTree$JCAnnotation;)Z @ 33 c2
Event: 1383.131 Thread 0x000001b7e6109760 DEOPT PACKING pc=0x000001b7c7759c98 sp=0x000000b7206fa060
Event: 1383.131 Thread 0x000001b7e6109760 DEOPT UNPACKING pc=0x000001b7c5f046a2 sp=0x000000b7206f9fc0 mode 2
Event: 1383.131 Thread 0x000001b7e6109760 Uncommon trap: trap_request=0xffffffde fr.pc=0x000001b7c7759c98 relative=0x0000000000001e78
Event: 1383.131 Thread 0x000001b7e6109760 Uncommon trap: reason=class_check action=maybe_recompile pc=0x000001b7c7759c98 method=com.sun.tools.javac.comp.Check.validateAnnotation(Lcom/sun/tools/javac/tree/JCTree$JCAnnotation;)Z @ 33 c2
Event: 1383.131 Thread 0x000001b7e6109760 DEOPT PACKING pc=0x000001b7c7759c98 sp=0x000000b7206f9fd0
Event: 1383.131 Thread 0x000001b7e6109760 DEOPT UNPACKING pc=0x000001b7c5f046a2 sp=0x000000b7206f9f30 mode 2

Classes loaded (20 events):
Event: 1380.178 Loading class java/io/IOError
Event: 1380.178 Loading class java/io/IOError done
Event: 1380.188 Loading class java/nio/channels/FileChannel$MapMode
Event: 1380.188 Loading class java/nio/channels/FileChannel$MapMode done
Event: 1380.188 Loading class jdk/internal/misc/ExtendedMapMode
Event: 1380.189 Loading class jdk/internal/misc/ExtendedMapMode done
Event: 1380.189 Loading class sun/nio/ch/FileChannelImpl$DefaultUnmapper
Event: 1380.190 Loading class sun/nio/ch/FileChannelImpl$Unmapper
Event: 1380.190 Loading class jdk/internal/access/foreign/UnmapperProxy
Event: 1380.190 Loading class jdk/internal/access/foreign/UnmapperProxy done
Event: 1380.190 Loading class sun/nio/ch/FileChannelImpl$Unmapper done
Event: 1380.190 Loading class sun/nio/ch/FileChannelImpl$DefaultUnmapper done
Event: 1380.190 Loading class sun/nio/ch/Util$4
Event: 1380.190 Loading class sun/nio/ch/Util$4 done
Event: 1380.204 Loading class java/util/regex/Pattern$Bound
Event: 1380.205 Loading class java/util/regex/Pattern$Bound done
Event: 1382.427 Loading class java/io/FilterWriter
Event: 1382.427 Loading class java/io/FilterWriter done
Event: 1382.429 Loading class java/nio/file/Path$1
Event: 1382.429 Loading class java/nio/file/Path$1 done

Classes unloaded (0 events):
No events

Classes redefined (0 events):
No events

Internal exceptions (20 events):
Event: 1382.515 Thread 0x000001b7e6109760 Exception <a 'java/lang/NoSuchMethodError'{0x0000000091609988}: 'long java.lang.invoke.DirectMethodHandle$Holder.invokeSpecial(java.lang.Object, java.lang.Object, int, java.lang.Object, java.lang.Object)'> (0x0000000091609988) 
thrown [s\src\hotspot\share\interpreter\linkResolver.cpp, line 784]
Event: 1382.516 Thread 0x000001b7e6109760 Exception <a 'java/lang/NoSuchMethodError'{0x0000000091616200}: 'java.lang.Object java.lang.invoke.DirectMethodHandle$Holder.invokeSpecial(java.lang.Object, java.lang.Object, int, java.lang.Object, java.lang.Object)'> (0x0000000091616200) 
thrown [s\src\hotspot\share\interpreter\linkResolver.cpp, line 784]
Event: 1382.519 Thread 0x000001b7e6109760 Exception <a 'sun/nio/fs/WindowsException'{0x000000009162de98}> (0x000000009162de98) 
thrown [s\src\hotspot\share\prims\jni.cpp, line 535]
Event: 1382.519 Thread 0x000001b7e6109760 Exception <a 'sun/nio/fs/WindowsException'{0x000000009162f4f8}> (0x000000009162f4f8) 
thrown [s\src\hotspot\share\prims\jni.cpp, line 535]
Event: 1382.519 Thread 0x000001b7e6109760 Exception <a 'sun/nio/fs/WindowsException'{0x0000000091630838}> (0x0000000091630838) 
thrown [s\src\hotspot\share\prims\jni.cpp, line 535]
Event: 1382.519 Thread 0x000001b7e6109760 Exception <a 'sun/nio/fs/WindowsException'{0x0000000091631d28}> (0x0000000091631d28) 
thrown [s\src\hotspot\share\prims\jni.cpp, line 535]
Event: 1382.520 Thread 0x000001b7e6109760 Exception <a 'sun/nio/fs/WindowsException'{0x00000000916331f8}> (0x00000000916331f8) 
thrown [s\src\hotspot\share\prims\jni.cpp, line 535]
Event: 1382.520 Thread 0x000001b7e6109760 Exception <a 'sun/nio/fs/WindowsException'{0x00000000916346b0}> (0x00000000916346b0) 
thrown [s\src\hotspot\share\prims\jni.cpp, line 535]
Event: 1382.540 Thread 0x000001b7e6109760 Exception <a 'sun/nio/fs/WindowsException'{0x0000000091699c88}> (0x0000000091699c88) 
thrown [s\src\hotspot\share\prims\jni.cpp, line 535]
Event: 1382.541 Thread 0x000001b7e6109760 Exception <a 'sun/nio/fs/WindowsException'{0x000000009169f850}> (0x000000009169f850) 
thrown [s\src\hotspot\share\prims\jni.cpp, line 535]
Event: 1382.551 Thread 0x000001b7e6109760 Exception <a 'sun/nio/fs/WindowsException'{0x00000000915504c8}> (0x00000000915504c8) 
thrown [s\src\hotspot\share\prims\jni.cpp, line 535]
Event: 1382.552 Thread 0x000001b7e6109760 Exception <a 'sun/nio/fs/WindowsException'{0x0000000091551b30}> (0x0000000091551b30) 
thrown [s\src\hotspot\share\prims\jni.cpp, line 535]
Event: 1382.552 Thread 0x000001b7e6109760 Exception <a 'sun/nio/fs/WindowsException'{0x0000000091552e70}> (0x0000000091552e70) 
thrown [s\src\hotspot\share\prims\jni.cpp, line 535]
Event: 1382.552 Thread 0x000001b7e6109760 Exception <a 'sun/nio/fs/WindowsException'{0x0000000091554370}> (0x0000000091554370) 
thrown [s\src\hotspot\share\prims\jni.cpp, line 535]
Event: 1382.556 Thread 0x000001b7e6109760 Exception <a 'sun/nio/fs/WindowsException'{0x000000009155f958}> (0x000000009155f958) 
thrown [s\src\hotspot\share\prims\jni.cpp, line 535]
Event: 1382.578 Thread 0x000001b7e6109760 Exception <a 'sun/nio/fs/WindowsException'{0x000000009149b7a0}> (0x000000009149b7a0) 
thrown [s\src\hotspot\share\prims\jni.cpp, line 535]
Event: 1382.583 Thread 0x000001b7e6109760 Exception <a 'sun/nio/fs/WindowsException'{0x00000000914bcbe0}> (0x00000000914bcbe0) 
thrown [s\src\hotspot\share\prims\jni.cpp, line 535]
Event: 1382.610 Thread 0x000001b7e6109760 Exception <a 'sun/nio/fs/WindowsException'{0x000000009134fe60}> (0x000000009134fe60) 
thrown [s\src\hotspot\share\prims\jni.cpp, line 535]
Event: 1382.666 Thread 0x000001b7e6109760 Exception <a 'sun/nio/fs/WindowsException'{0x0000000090bbc260}> (0x0000000090bbc260) 
thrown [s\src\hotspot\share\prims\jni.cpp, line 535]
Event: 1382.933 Thread 0x000001b7e6109760 Exception <a 'sun/nio/fs/WindowsException'{0x0000000091730cc8}> (0x0000000091730cc8) 
thrown [s\src\hotspot\share\prims\jni.cpp, line 535]

ZGC Phase Switch (0 events):
No events

VM Operations (20 events):
Event: 1381.733 Executing VM operation: G1CollectForAllocation (G1 Evacuation Pause) done
Event: 1382.453 Executing VM operation: HandshakeAllThreads (HandshakeForDeflation)
Event: 1382.453 Executing VM operation: HandshakeAllThreads (HandshakeForDeflation) done
Event: 1382.453 Executing VM operation: RendezvousGCThreads
Event: 1382.453 Executing VM operation: RendezvousGCThreads done
Event: 1382.538 Executing VM operation: HandshakeAllThreads (Deoptimize)
Event: 1382.538 Executing VM operation: HandshakeAllThreads (Deoptimize) done
Event: 1382.588 Executing VM operation: ICBufferFull
Event: 1382.588 Executing VM operation: ICBufferFull done
Event: 1382.598 Executing VM operation: HandshakeAllThreads (Deoptimize)
Event: 1382.598 Executing VM operation: HandshakeAllThreads (Deoptimize) done
Event: 1382.713 Executing VM operation: HandshakeAllThreads (Deoptimize)
Event: 1382.713 Executing VM operation: HandshakeAllThreads (Deoptimize) done
Event: 1382.718 Executing VM operation: ICBufferFull
Event: 1382.718 Executing VM operation: ICBufferFull done
Event: 1382.764 Executing VM operation: G1CollectForAllocation (G1 Evacuation Pause)
Event: 1382.803 Executing VM operation: G1CollectForAllocation (G1 Evacuation Pause) done
Event: 1383.027 Executing VM operation: G1CollectForAllocation (G1 Evacuation Pause)
Event: 1383.057 Executing VM operation: G1CollectForAllocation (G1 Evacuation Pause) done
Event: 1383.169 Executing VM operation: G1PauseRemark

Events (20 events):
Event: 1383.190 Thread 0x000001b7d3daebf0 flushing nmethod 0x000001b7c66fa210
Event: 1383.190 Thread 0x000001b7d3daebf0 flushing nmethod 0x000001b7c66ecc90
Event: 1383.190 Thread 0x000001b7d3daebf0 flushing nmethod 0x000001b7c66e7c90
Event: 1383.190 Thread 0x000001b7d3daebf0 flushing nmethod 0x000001b7c6695690
Event: 1383.190 Thread 0x000001b7d3daebf0 flushing nmethod 0x000001b7c6692310
Event: 1383.190 Thread 0x000001b7d3daebf0 flushing nmethod 0x000001b7c66c3710
Event: 1383.190 Thread 0x000001b7d3daebf0 flushing nmethod 0x000001b7c6690290
Event: 1383.190 Thread 0x000001b7d3daebf0 flushing nmethod 0x000001b7c6675b10
Event: 1383.190 Thread 0x000001b7d3daebf0 flushing nmethod 0x000001b7c6681090
Event: 1383.190 Thread 0x000001b7d3daebf0 flushing nmethod 0x000001b7c6680a90
Event: 1383.190 Thread 0x000001b7d3daebf0 flushing nmethod 0x000001b7c664e790
Event: 1383.190 Thread 0x000001b7d3daebf0 flushing nmethod 0x000001b7c6665f10
Event: 1383.190 Thread 0x000001b7d3daebf0 flushing nmethod 0x000001b7c6634810
Event: 1383.190 Thread 0x000001b7d3daebf0 flushing nmethod 0x000001b7c6651a90
Event: 1383.190 Thread 0x000001b7d3daebf0 flushing nmethod 0x000001b7c665f590
Event: 1383.190 Thread 0x000001b7d3daebf0 flushing nmethod 0x000001b7c6612d90
Event: 1383.190 Thread 0x000001b7d3daebf0 flushing nmethod 0x000001b7c6615f90
Event: 1383.190 Thread 0x000001b7d3daebf0 flushing nmethod 0x000001b7c6611890
Event: 1383.190 Thread 0x000001b7d3daebf0 flushing nmethod 0x000001b7c6618690
Event: 1383.190 Thread 0x000001b7d3daebf0 flushing nmethod 0x000001b7c6614d90


Dynamic libraries:
0x00007ff7de0a0000 - 0x00007ff7de0aa000 	C:\Program Files\Android\Android Studio\jbr\bin\java.exe
0x00007ffd02f40000 - 0x00007ffd031a9000 	C:\WINDOWS\SYSTEM32\ntdll.dll
0x00007ffd01e50000 - 0x00007ffd01f19000 	C:\WINDOWS\System32\KERNEL32.DLL
0x00007ffd000d0000 - 0x00007ffd004c3000 	C:\WINDOWS\System32\KERNELBASE.dll
0x00007ffd00780000 - 0x00007ffd008cb000 	C:\WINDOWS\System32\ucrtbase.dll
0x00007ffcf1af0000 - 0x00007ffcf1b0b000 	C:\Program Files\Android\Android Studio\jbr\bin\VCRUNTIME140.dll
0x00007ffcbae10000 - 0x00007ffcbae28000 	C:\Program Files\Android\Android Studio\jbr\bin\jli.dll
0x00007ffd01720000 - 0x00007ffd018e4000 	C:\WINDOWS\System32\USER32.dll
0x00007ffd00ce0000 - 0x00007ffd00d07000 	C:\WINDOWS\System32\win32u.dll
0x00007ffd012a0000 - 0x00007ffd012cb000 	C:\WINDOWS\System32\GDI32.dll
0x00007ffd00a50000 - 0x00007ffd00b7d000 	C:\WINDOWS\System32\gdi32full.dll
0x00007ffd006d0000 - 0x00007ffd00773000 	C:\WINDOWS\System32\msvcp_win.dll
0x00007ffce61b0000 - 0x00007ffce6443000 	C:\WINDOWS\WinSxS\amd64_microsoft.windows.common-controls_6595b64144ccf1df_6.0.26100.5074_none_3e0d6f78e32fd63f\COMCTL32.dll
0x00007ffd01470000 - 0x00007ffd01519000 	C:\WINDOWS\System32\msvcrt.dll
0x00007ffd01f20000 - 0x00007ffd01f4f000 	C:\WINDOWS\System32\IMM32.DLL
0x00007ffcf8220000 - 0x00007ffcf822c000 	C:\Program Files\Android\Android Studio\jbr\bin\vcruntime140_1.dll
0x00007ffc20470000 - 0x00007ffc204fd000 	C:\Program Files\Android\Android Studio\jbr\bin\msvcp140.dll
0x00007ffc2dcf0000 - 0x00007ffc2e96d000 	C:\Program Files\Android\Android Studio\jbr\bin\server\jvm.dll
0x00007ffd023e0000 - 0x00007ffd02494000 	C:\WINDOWS\System32\ADVAPI32.dll
0x00007ffd01da0000 - 0x00007ffd01e46000 	C:\WINDOWS\System32\sechost.dll
0x00007ffd024a0000 - 0x00007ffd025b8000 	C:\WINDOWS\System32\RPCRT4.dll
0x00007ffd01590000 - 0x00007ffd01604000 	C:\WINDOWS\System32\WS2_32.dll
0x00007ffcffe80000 - 0x00007ffcffede000 	C:\WINDOWS\SYSTEM32\POWRPROF.dll
0x00007ffcf4d60000 - 0x00007ffcf4d95000 	C:\WINDOWS\SYSTEM32\WINMM.dll
0x00007ffce6e20000 - 0x00007ffce6e2b000 	C:\WINDOWS\SYSTEM32\VERSION.dll
0x00007ffcffe60000 - 0x00007ffcffe74000 	C:\WINDOWS\SYSTEM32\UMPDC.dll
0x00007ffcfeeb0000 - 0x00007ffcfeecb000 	C:\WINDOWS\SYSTEM32\kernel.appcore.dll
0x00007ffcf8110000 - 0x00007ffcf811a000 	C:\Program Files\Android\Android Studio\jbr\bin\jimage.dll
0x00007ffcfd860000 - 0x00007ffcfdaa2000 	C:\WINDOWS\SYSTEM32\DBGHELP.DLL
0x00007ffd01a00000 - 0x00007ffd01d7b000 	C:\WINDOWS\System32\combase.dll
0x00007ffd018f0000 - 0x00007ffd019c7000 	C:\WINDOWS\System32\OLEAUT32.dll
0x00007ffce2730000 - 0x00007ffce276d000 	C:\WINDOWS\SYSTEM32\dbgcore.DLL
0x00007ffd00b80000 - 0x00007ffd00c19000 	C:\WINDOWS\System32\bcryptPrimitives.dll
0x00007ffcceee0000 - 0x00007ffcceeee000 	C:\Program Files\Android\Android Studio\jbr\bin\instrument.dll
0x00007ffcecb10000 - 0x00007ffcecb2f000 	C:\Program Files\Android\Android Studio\jbr\bin\java.dll
0x00007ffceca90000 - 0x00007ffcecaa8000 	C:\Program Files\Android\Android Studio\jbr\bin\zip.dll
0x00007ffd026b0000 - 0x00007ffd02dfd000 	C:\WINDOWS\System32\SHELL32.dll
0x00007ffd004d0000 - 0x00007ffd0063c000 	C:\WINDOWS\System32\wintypes.dll
0x00007ffcfdd10000 - 0x00007ffcfe569000 	C:\WINDOWS\SYSTEM32\windows.storage.dll
0x00007ffd02e00000 - 0x00007ffd02ef0000 	C:\WINDOWS\System32\SHCORE.dll
0x00007ffd01520000 - 0x00007ffd01582000 	C:\WINDOWS\System32\shlwapi.dll
0x00007ffcffff0000 - 0x00007ffd00019000 	C:\WINDOWS\SYSTEM32\profapi.dll
0x00007ffcf8080000 - 0x00007ffcf8090000 	C:\Program Files\Android\Android Studio\jbr\bin\net.dll
0x00007ffcf5ac0000 - 0x00007ffcf5bdf000 	C:\WINDOWS\SYSTEM32\WINHTTP.dll
0x00007ffcff430000 - 0x00007ffcff49b000 	C:\WINDOWS\system32\mswsock.dll
0x00007ffceca50000 - 0x00007ffceca66000 	C:\Program Files\Android\Android Studio\jbr\bin\nio.dll
0x00007ffcf1b70000 - 0x00007ffcf1b80000 	C:\Program Files\Android\Android Studio\jbr\bin\verify.dll
0x00007ffcaffc0000 - 0x00007ffcaffe7000 	C:\Users\dci06\.gradle\native\c067742578af261105cb4f569cf0c3c89f3d7b1fecec35dd04571415982c5e48\windows-amd64\native-platform.dll
0x00007ffc20320000 - 0x00007ffc20464000 	C:\Users\dci06\.gradle\native\100fb08df4bc3b14c8652ba06237920a3bd2aa13389f12d3474272988ae205f9\windows-amd64\native-platform-file-events.dll
0x00007ffcf4560000 - 0x00007ffcf4569000 	C:\Program Files\Android\Android Studio\jbr\bin\management.dll
0x00007ffcf2370000 - 0x00007ffcf237b000 	C:\Program Files\Android\Android Studio\jbr\bin\management_ext.dll
0x00007ffd025c0000 - 0x00007ffd025c8000 	C:\WINDOWS\System32\PSAPI.DLL
0x00007ffcff6d0000 - 0x00007ffcff6eb000 	C:\WINDOWS\SYSTEM32\CRYPTSP.dll
0x00007ffcfee10000 - 0x00007ffcfee4b000 	C:\WINDOWS\system32\rsaenh.dll
0x00007ffcff4d0000 - 0x00007ffcff4fb000 	C:\WINDOWS\SYSTEM32\USERENV.dll
0x00007ffcfffc0000 - 0x00007ffcfffe6000 	C:\WINDOWS\SYSTEM32\bcrypt.dll
0x00007ffcff6f0000 - 0x00007ffcff6fc000 	C:\WINDOWS\SYSTEM32\CRYPTBASE.dll
0x00007ffcfe900000 - 0x00007ffcfe934000 	C:\WINDOWS\SYSTEM32\IPHLPAPI.DLL
0x00007ffd025e0000 - 0x00007ffd025ea000 	C:\WINDOWS\System32\NSI.dll
0x00007ffcf7dd0000 - 0x00007ffcf7dd9000 	C:\Program Files\Android\Android Studio\jbr\bin\extnet.dll
0x00007ffce0770000 - 0x00007ffce0778000 	C:\WINDOWS\system32\wshunix.dll
0x00007ffcfe9a0000 - 0x00007ffcfeac6000 	C:\WINDOWS\SYSTEM32\DNSAPI.dll
0x00007ffcf4e70000 - 0x00007ffcf4e7b000 	C:\Windows\System32\rasadhlp.dll
0x00007ffcf70e0000 - 0x00007ffcf7166000 	C:\WINDOWS\System32\fwpuclnt.dll
0x00007ffce0970000 - 0x00007ffce0988000 	C:\WINDOWS\system32\napinsp.dll
0x00007ffce0500000 - 0x00007ffce0512000 	C:\WINDOWS\System32\winrnr.dll
0x00007ffce0040000 - 0x00007ffce0068000 	C:\WINDOWS\system32\nlansp_c.dll
0x00007ffced310000 - 0x00007ffced326000 	C:\WINDOWS\system32\wshbth.dll
0x00007ffcfefd0000 - 0x00007ffcff006000 	C:\WINDOWS\SYSTEM32\ntmarta.dll
0x00007ffcb1e60000 - 0x00007ffcb1e7e000 	C:\Users\dci06\AppData\Local\Temp\native-platform8016178525558359875dir\native-platform.dll
0x00007ffcf1b30000 - 0x00007ffcf1b37000 	C:\Program Files\Android\Android Studio\jbr\bin\rmi.dll

dbghelp: loaded successfully - version: 4.0.5 - missing functions: none
symbol engine: initialized successfully - sym options: 0x614 - pdb path: .;C:\Program Files\Android\Android Studio\jbr\bin;C:\WINDOWS\SYSTEM32;C:\WINDOWS\WinSxS\amd64_microsoft.windows.common-controls_6595b64144ccf1df_6.0.26100.5074_none_3e0d6f78e32fd63f;C:\Program Files\Android\Android Studio\jbr\bin\server;C:\Users\dci06\.gradle\native\c067742578af261105cb4f569cf0c3c89f3d7b1fecec35dd04571415982c5e48\windows-amd64;C:\Users\dci06\.gradle\native\100fb08df4bc3b14c8652ba06237920a3bd2aa13389f12d3474272988ae205f9\windows-amd64;C:\Users\dci06\AppData\Local\Temp\native-platform8016178525558359875dir

VM Arguments:
jvm_args: --add-opens=java.base/java.util=ALL-UNNAMED --add-opens=java.base/java.lang=ALL-UNNAMED --add-opens=java.base/java.lang.invoke=ALL-UNNAMED --add-opens=java.prefs/java.util.prefs=ALL-UNNAMED --add-exports=jdk.compiler/com.sun.tools.javac.api=ALL-UNNAMED --add-exports=jdk.compiler/com.sun.tools.javac.util=ALL-UNNAMED --add-opens=java.base/java.nio.charset=ALL-UNNAMED --add-opens=java.base/java.net=ALL-UNNAMED --add-opens=java.base/java.util.concurrent.atomic=ALL-UNNAMED -Xmx2048m -Dfile.encoding=UTF-8 -Duser.country=KR -Duser.language=ko -Duser.variant -javaagent:C:\Users\dci06\.gradle\wrapper\dists\gradle-8.9-bin\90cnw93cvbtalezasaz0blq0a\gradle-8.9\lib\agents\gradle-instrumentation-agent-8.9.jar 
java_command: org.gradle.launcher.daemon.bootstrap.GradleDaemon 8.9
java_class_path (initial): C:\Users\dci06\.gradle\wrapper\dists\gradle-8.9-bin\90cnw93cvbtalezasaz0blq0a\gradle-8.9\lib\gradle-daemon-main-8.9.jar
Launcher Type: SUN_STANDARD

[Global flags]
     intx CICompilerCount                          = 12                                        {product} {ergonomic}
     uint ConcGCThreads                            = 4                                         {product} {ergonomic}
     uint G1ConcRefinementThreads                  = 14                                        {product} {ergonomic}
   size_t G1HeapRegionSize                         = 1048576                                   {product} {ergonomic}
    uintx GCDrainStackTargetSize                   = 64                                        {product} {ergonomic}
   size_t InitialHeapSize                          = 262144000                                 {product} {ergonomic}
   size_t MarkStackSize                            = 4194304                                   {product} {ergonomic}
   size_t MaxHeapSize                              = 2147483648                                {product} {command line}
   size_t MaxNewSize                               = 1287651328                                {product} {ergonomic}
   size_t MinHeapDeltaBytes                        = 1048576                                   {product} {ergonomic}
   size_t MinHeapSize                              = 8388608                                   {product} {ergonomic}
    uintx NonNMethodCodeHeapSize                   = 7602480                                {pd product} {ergonomic}
    uintx NonProfiledCodeHeapSize                  = 122027880                              {pd product} {ergonomic}
    uintx ProfiledCodeHeapSize                     = 122027880                              {pd product} {ergonomic}
    uintx ReservedCodeCacheSize                    = 251658240                              {pd product} {ergonomic}
     bool SegmentedCodeCache                       = true                                      {product} {ergonomic}
   size_t SoftMaxHeapSize                          = 2147483648                             {manageable} {ergonomic}
     bool UseCompressedOops                        = true                           {product lp64_product} {ergonomic}
     bool UseG1GC                                  = true                                      {product} {ergonomic}
     bool UseLargePagesIndividualAllocation        = false                                  {pd product} {ergonomic}

Logging:
Log output configuration:
 #0: stdout all=warning uptime,level,tags foldmultilines=false
 #1: stderr all=off uptime,level,tags foldmultilines=false

Environment Variables:
JAVA_HOME=C:\Program Files\Eclipse Adoptium\jdk-17.0.16.8-hotspot
PATH=C:\Program Files\Eclipse Adoptium\jdk-17.0.16.8-hotspot\bin;C:\Program Files\Eclipse Adoptium\jdk-21.0.8.9-hotspot\bin;C:\Program Files\Oculus\Support\oculus-runtime;C:\Program Files\Microsoft\jdk-21.0.2.13-hotspot\bin;C:\Program Files\Common Files\Oracle\Java\javapath;C:\Windows\system32;C:\Windows;C:\Windows\System32\Wbem;C:\Windows\System32\WindowsPowerShell\v1.0\;C:\Windows\System32\OpenSSH\;C:\Program Files\Bandizip\;C:\Program Files (x86)\Windows Kits\10\Windows Performance Toolkit\;C:\Program Files\dotnet\;C:\Program Files\Git\cmd;C:\Program Files (x86)\Gpg4win\..\GnuPG\bin;C:\Program Files\Git LFS;C:\Users\dci06\Desktop\find_body\Git LFS;C:\Program Files\PuTTY\;C:\WINDOWS\system32;C:\WINDOWS;C:\WINDOWS\System32\Wbem;C:\WINDOWS\System32\WindowsPowerShell\v1.0\;C:\WINDOWS\System32\OpenSSH\;C:\Program Files\nodejs\;C:\apache-maven-3.9.11\bin;C:\Users\dci06\AppData\Local\Programs\Python\Python313\Scripts\;C:\Users\dci06\AppData\Local\Programs\Python\Python313\;C:\Users\dci06\AppData\Local\Programs\Python\Launcher\;C:\Program Files\MySQL\MySQL Server 8.0\bin;C:\Users\dci06\AppData\Local\Microsoft\WindowsApps;C:\Users\dci06\AppData\Local\gitkraken\bin;C:\Program Files\JetBrains\PyCharm 2024.1\bin;;C:\Users\dci06\AppData\Local\GitHubDesktop\bin;C:\Users\dci06\AppData\Local\Microsoft\WindowsApps;C:\Users\dci06\AppData\Local\Programs\cursor\resources\app\bin;C:\Users\dci06\AppData\Local\Programs\Microsoft VS Code\bin;C:\Users\dci06\AppData\Roaming\npm;C:\apache-maven-3.9.11\bin;
USERNAME=dci06
OS=Windows_NT
PROCESSOR_IDENTIFIER=Intel64 Family 6 Model 170 Stepping 4, GenuineIntel
TMP=C:\Users\dci06\AppData\Local\Temp
TEMP=C:\Users\dci06\AppData\Local\Temp




Periodic native trim disabled

JNI global refs:
JNI global refs: 43, weak refs: 1

JNI global refs memory usage: 835, weak refs: 833

Process memory usage:
Resident Set Size: 702916K (4% of 16347348K total physical memory with 1831748K free physical memory)

OOME stack traces (most recent first):
Classloader memory used:
Loader org.gradle.internal.classloader.VisitableURLClassLoader                         : 45561K
Loader org.gradle.internal.classloader.VisitableURLClassLoader$InstrumentingVisitableURLClassLoader: 39953K
Loader bootstrap                                                                       : 37366K
Loader org.gradle.initialization.MixInLegacyTypesClassLoader                           : 13883K
Loader java.net.URLClassLoader                                                         : 8684K
Loader jdk.internal.loader.ClassLoaders$AppClassLoader                                 : 7842K
Loader jdk.internal.loader.ClassLoaders$PlatformClassLoader                            : 1119K
Loader jdk.internal.reflect.DelegatingClassLoader                                      : 713K
Loader jdk.internal.jrtfs.JrtFileSystemProvider$JrtFsLoader                            : 298K
Loader org.gradle.internal.classloader.VisitableURLClassLoader                         : 203K
Loader sun.reflect.misc.MethodUtil                                                     : 2960B

Classes loaded by more than one classloader:
Class Program                                                                         : loaded 5 times (x 69B)
Class com.google.common.collect.ForwardingObject                                      : loaded 3 times (x 69B)
Class org.apache.commons.io.output.ThresholdingOutputStream                           : loaded 3 times (x 91B)
Class com.google.common.collect.ImmutableList                                         : loaded 3 times (x 203B)
Class com.google.common.collect.Maps$KeySet                                           : loaded 3 times (x 134B)
Class com.google.common.collect.RegularImmutableMap$KeySet                            : loaded 3 times (x 147B)
Class Build_gradle                                                                    : loaded 3 times (x 127B)
Class org.apache.commons.io.output.AppendableWriter                                   : loaded 3 times (x 97B)
Class com.google.common.collect.Maps$BiMapConverter                                   : loaded 3 times (x 87B)
Class com.google.common.collect.ImmutableMapEntrySet$RegularEntrySet                  : loaded 3 times (x 148B)
Class com.google.common.base.Joiner$2                                                 : loaded 3 times (x 76B)
Class com.google.common.base.Joiner$1                                                 : loaded 3 times (x 77B)
Class com.google.common.collect.PeekingIterator                                       : loaded 3 times (x 67B)
Class [Lorg.apache.commons.io.file.DeleteOption;                                      : loaded 3 times (x 66B)
Class com.google.common.base.Preconditions                                            : loaded 3 times (x 68B)
Class com.google.common.collect.Hashing                                               : loaded 3 times (x 68B)
Class com.google.common.base.PatternCompiler                                          : loaded 3 times (x 67B)
Class com.google.common.collect.RegularImmutableBiMap                                 : loaded 3 times (x 145B)
Class com.google.common.collect.AbstractIterator$State                                : loaded 3 times (x 76B)
Class com.google.common.collect.RegularImmutableMap$BucketOverflowException           : loaded 3 times (x 79B)
Class com.google.common.collect.SortedMapDifference                                   : loaded 3 times (x 67B)
Class org.apache.commons.io.StandardLineSeparator                                     : loaded 3 times (x 76B)
Class com.google.common.collect.CollectPreconditions                                  : loaded 3 times (x 68B)
Class com.google.common.collect.ImmutableEntry                                        : loaded 3 times (x 79B)
Class [Lcom.google.common.collect.AbstractMapEntry;                                   : loaded 3 times (x 66B)
Class com.google.common.collect.ImmutableMap                                          : loaded 3 times (x 117B)
Class com.google.common.base.Predicate                                                : loaded 3 times (x 67B)
Class com.google.common.collect.Sets                                                  : loaded 3 times (x 68B)
Class com.google.common.base.Strings                                                  : loaded 3 times (x 68B)
Class org.apache.commons.io.file.PathVisitor                                          : loaded 3 times (x 67B)
Class com.google.common.collect.ImmutableSet                                          : loaded 3 times (x 142B)
Class com.google.common.collect.RegularImmutableMap$Values                            : loaded 3 times (x 204B)
Class org.apache.commons.io.FileUtils                                                 : loaded 3 times (x 68B)
Class com.google.common.collect.Sets$SetView                                          : loaded 3 times (x 135B)
Class com.google.common.collect.Maps$8                                                : loaded 3 times (x 79B)
Class com.google.common.primitives.Ints$IntConverter                                  : loaded 3 times (x 87B)
Class Build_gradle$1                                                                  : loaded 3 times (x 71B)
Class org.apache.commons.io.filefilter.AndFileFilter                                  : loaded 3 times (x 124B)
Class com.google.common.base.Platform                                                 : loaded 3 times (x 68B)
Class com.google.common.collect.ImmutableList$1                                       : loaded 3 times (x 94B)
Class org.apache.commons.io.file.PathFilter                                           : loaded 3 times (x 67B)
Class com.google.common.collect.ImmutableEnumSet                                      : loaded 3 times (x 143B)
Class [Lcom.google.common.collect.ImmutableEntry;                                     : loaded 3 times (x 66B)
Class com.google.common.collect.Maps                                                  : loaded 3 times (x 68B)
Class com.google.common.collect.ImmutableBiMapFauxverideShim                          : loaded 3 times (x 117B)
Class org.apache.commons.io.output.AbstractByteArrayOutputStream                      : loaded 3 times (x 99B)
Class com.google.common.collect.RegularImmutableList                                  : loaded 3 times (x 209B)
Class com.google.common.base.Function                                                 : loaded 3 times (x 67B)
Class com.google.common.collect.ImmutableMultimap                                     : loaded 3 times (x 144B)
Class com.google.common.collect.ImmutableMapEntry$NonTerminalImmutableMapEntry        : loaded 3 times (x 82B)
Class com.google.common.base.Equivalence                                              : loaded 3 times (x 79B)
Class com.google.common.collect.ImmutableMapEntry                                     : loaded 3 times (x 82B)
Class org.apache.commons.io.FileSystem                                                : loaded 3 times (x 77B)
Class com.google.common.collect.RegularImmutableMap                                   : loaded 3 times (x 118B)
Class com.google.common.collect.ImmutableMap$MapViewOfValuesAsSingletonSets           : loaded 3 times (x 122B)
Class com.google.common.collect.Iterators$10                                          : loaded 3 times (x 78B)
Class org.apache.commons.io.filefilter.ConditionalFileFilter                          : loaded 3 times (x 67B)
Class org.apache.commons.io.CloseableURLConnection                                    : loaded 3 times (x 114B)
Class [Lorg.apache.commons.io.FileSystem;                                             : loaded 3 times (x 66B)
Class com.google.common.base.CommonPattern                                            : loaded 3 times (x 71B)
Class com.google.common.collect.Maps$EntryTransformer                                 : loaded 3 times (x 67B)
Class com.google.common.collect.ImmutableList$SubList                                 : loaded 3 times (x 205B)
Class com.google.common.collect.ImmutableAsList                                       : loaded 3 times (x 206B)
Class com.google.common.collect.Iterators$9                                           : loaded 3 times (x 78B)
Class com.google.common.base.Converter                                                : loaded 3 times (x 87B)
Class org.apache.commons.io.function.IOFunction                                       : loaded 3 times (x 67B)
Class com.google.common.collect.UnmodifiableListIterator                              : loaded 3 times (x 92B)
Class com.google.common.collect.Lists                                                 : loaded 3 times (x 68B)
Class com.google.common.collect.ImmutableSet$CachingAsList                            : loaded 3 times (x 144B)
Class com.google.common.collect.ImmutableCollection                                   : loaded 3 times (x 122B)
Class org.apache.commons.io.output.NullWriter                                         : loaded 3 times (x 96B)
Class com.google.common.collect.Iterators$5                                           : loaded 3 times (x 79B)
Class com.google.common.collect.ImmutableBiMap                                        : loaded 3 times (x 140B)
Class com.google.common.collect.Iterators$4                                           : loaded 3 times (x 79B)
Class com.google.common.collect.ImmutableMap$IteratorBasedImmutableMap                : loaded 3 times (x 122B)
Class com.google.common.collect.Iterators$1                                           : loaded 3 times (x 78B)
Class com.google.common.base.Platform$JdkPatternCompiler                              : loaded 3 times (x 72B)
Class com.google.common.collect.ImmutableList$ReverseImmutableList                    : loaded 3 times (x 205B)
Class com.google.common.base.JdkPattern                                               : loaded 3 times (x 72B)
Class com.google.common.collect.Iterators$MergingIterator                             : loaded 3 times (x 78B)
Class com.google.common.collect.SingletonImmutableList                                : loaded 3 times (x 204B)
Class org.apache.commons.io.IOUtils                                                   : loaded 3 times (x 68B)
Class com.google.common.collect.NullnessCasts                                         : loaded 3 times (x 68B)
Class com.google.common.collect.Multimap                                              : loaded 3 times (x 67B)
Class com.google.common.primitives.IntsMethodsForWeb                                  : loaded 3 times (x 68B)
Class org.apache.commons.io.file.DeleteOption                                         : loaded 3 times (x 67B)
Class org.apache.commons.io.filefilter.IOFileFilter                                   : loaded 3 times (x 67B)
Class com.google.common.collect.ImmutableMap$Builder                                  : loaded 3 times (x 79B)
Class org.apache.commons.io.output.NullOutputStream                                   : loaded 3 times (x 82B)
Class com.google.common.collect.ImmutableMapEntrySet                                  : loaded 3 times (x 148B)
Class com.google.common.collect.AbstractIndexedListIterator                           : loaded 3 times (x 93B)
Class org.apache.commons.io.file.PathUtils                                            : loaded 3 times (x 68B)
Class [Lcom.google.common.collect.AbstractIterator$State;                             : loaded 3 times (x 66B)
Class com.google.common.collect.Multiset                                              : loaded 3 times (x 67B)
Class com.google.common.collect.ObjectArrays                                          : loaded 3 times (x 68B)
Class com.google.common.primitives.Ints                                               : loaded 3 times (x 68B)
Class com.google.common.collect.AbstractIterator                                      : loaded 3 times (x 79B)
Class com.google.common.collect.BiMap                                                 : loaded 3 times (x 67B)
Class com.google.common.collect.ImmutableMap$1                                        : loaded 3 times (x 78B)
Class com.google.common.collect.IndexedImmutableSet                                   : loaded 3 times (x 147B)
Class com.google.common.collect.Lists$StringAsImmutableList                           : loaded 3 times (x 204B)
Class com.google.common.collect.Iterators                                             : loaded 3 times (x 68B)
Class com.google.common.collect.RegularImmutableAsList                                : loaded 3 times (x 213B)
Class com.google.common.collect.ImmutableList$Builder                                 : loaded 3 times (x 74B)
Class com.google.common.collect.AbstractMultimap                                      : loaded 3 times (x 120B)
Class com.google.common.collect.Sets$ImprovedAbstractSet                              : loaded 3 times (x 132B)
Class org.apache.commons.io.FileExistsException                                       : loaded 3 times (x 79B)
Class [Lcom.google.common.collect.ImmutableMapEntry;                                  : loaded 3 times (x 66B)
Class com.google.common.collect.AbstractMapEntry                                      : loaded 3 times (x 78B)
Class com.google.common.collect.SingletonImmutableBiMap                               : loaded 3 times (x 140B)
Class com.google.common.collect.UnmodifiableIterator                                  : loaded 3 times (x 77B)
Class com.google.common.collect.Platform                                              : loaded 3 times (x 68B)
Class org.apache.commons.io.output.ByteArrayOutputStream                              : loaded 3 times (x 99B)
Class com.google.common.collect.BaseImmutableMultimap                                 : loaded 3 times (x 120B)
Class com.google.common.base.Joiner                                                   : loaded 3 times (x 76B)
Class org.apache.commons.io.output.UnsynchronizedByteArrayOutputStream                : loaded 3 times (x 99B)
Class com.google.common.collect.ImmutableCollection$Builder                           : loaded 3 times (x 73B)
Class org.apache.commons.io.filefilter.AbstractFileFilter                             : loaded 3 times (x 113B)
Class com.google.common.collect.Iterators$ArrayItr                                    : loaded 3 times (x 94B)
Class com.google.common.collect.MapDifference                                         : loaded 3 times (x 67B)
Class org.apache.commons.io.IOCase                                                    : loaded 3 times (x 77B)
Class com.google.common.collect.TransformedIterator                                   : loaded 3 times (x 77B)
Class org.apache.commons.io.output.QueueOutputStream                                  : loaded 3 times (x 84B)
Class com.google.common.collect.Sets$4                                                : loaded 3 times (x 136B)
Class [Lorg.apache.commons.io.IOCase;                                                 : loaded 3 times (x 66B)
Class com.google.common.collect.Sets$3                                                : loaded 3 times (x 136B)
Class com.google.common.collect.AbstractIterator$1                                    : loaded 3 times (x 68B)
Class com.google.common.collect.Sets$2                                                : loaded 3 times (x 136B)
Class com.google.common.collect.ListMultimap                                          : loaded 3 times (x 67B)
Class [Lorg.apache.commons.io.StandardLineSeparator;                                  : loaded 3 times (x 66B)
Class org.apache.commons.io.output.StringBuilderWriter                                : loaded 3 times (x 97B)
Class org.apache.commons.io.FilenameUtils                                             : loaded 3 times (x 68B)
Class com.google.common.collect.Maps$ViewCachingAbstractMap                           : loaded 3 times (x 122B)
Class com.google.common.collect.ImmutableEnumMap                                      : loaded 3 times (x 122B)
Class com.google.common.collect.Sets$1                                                : loaded 3 times (x 136B)
Class kotlin.reflect.KProperty$Accessor                                               : loaded 2 times (x 67B)
Class [Lkotlin.reflect.KCallable;                                                     : loaded 2 times (x 66B)
Class com.sun.xml.bind.v2.model.impl.RuntimeMapPropertyInfoImpl                       : loaded 2 times (x 134B)
Class com.sun.xml.bind.v2.model.impl.MapPropertyInfoImpl                              : loaded 2 times (x 116B)
Class com.sun.xml.bind.v2.model.impl.AttributePropertyInfoImpl                        : loaded 2 times (x 121B)
Class com.sun.xml.bind.v2.model.impl.DummyPropertyInfo                                : loaded 2 times (x 67B)
Class com.sun.xml.bind.v2.model.core.Element                                          : loaded 2 times (x 67B)
Class android.databinding.tool.util.FileUtil$listAndSortFiles$$inlined$sortedBy$2     : loaded 2 times (x 86B)
Class com.google.gson.internal.bind.TypeAdapters                                      : loaded 2 times (x 68B)
Class com.google.gson.FieldNamingPolicy                                               : loaded 2 times (x 80B)
Class com.google.common.collect.ImmutableRangeSet                                     : loaded 2 times (x 112B)
Class com.google.common.collect.Iterators$EmptyModifiableIterator                     : loaded 2 times (x 83B)
Class org.objectweb.asm.AnnotationVisitor                                             : loaded 2 times (x 75B)
Class com.google.common.base.Splitter                                                 : loaded 2 times (x 69B)
Class org.gradle.api.internal.DefaultClassPathProvider                                : loaded 2 times (x 73B)
Class android.databinding.internal.org.antlr.v4.runtime.CharStream                    : loaded 2 times (x 67B)
Class com.sun.xml.bind.v2.runtime.property.PropertyFactory$1                          : loaded 2 times (x 68B)
Class com.sun.xml.bind.v2.runtime.property.ArrayProperty                              : loaded 2 times (x 99B)
Class android.databinding.internal.org.antlr.v4.runtime.tree.RuleNode                 : loaded 2 times (x 67B)
Class com.sun.xml.bind.v2.model.core.ID                                               : loaded 2 times (x 76B)
Class com.sun.xml.bind.v2.model.impl.ClassInfoImpl$PropertyGroup                      : loaded 2 times (x 76B)
Class com.sun.xml.bind.v2.model.runtime.RuntimeValuePropertyInfo                      : loaded 2 times (x 67B)
Class com.sun.xml.bind.v2.runtime.JAXBContextImpl$5                                   : loaded 2 times (x 71B)
Class kotlin.text.StringsKt__AppendableKt                                             : loaded 2 times (x 68B)
Class com.google.gson.internal.bind.TypeAdapters$34                                   : loaded 2 times (x 73B)
Class com.google.gson.JsonArray                                                       : loaded 2 times (x 97B)
Class com.google.gson.FieldNamingStrategy                                             : loaded 2 times (x 67B)
Class kotlin.sequences.Sequence                                                       : loaded 2 times (x 67B)
Class kotlin.text.StringsKt__StringNumberConversionsJVMKt                             : loaded 2 times (x 68B)
Class android.databinding.tool.util.FileUtil$listAndSortFiles$$inlined$sortedBy$1     : loaded 2 times (x 86B)
Class com.google.common.collect.MapMakerInternalMap$Strength$1                        : loaded 2 times (x 77B)
Class [Lorg.gradle.api.internal.ClassPathProvider;                                    : loaded 2 times (x 66B)
Class org.gradle.api.internal.ClassPathProvider                                       : loaded 2 times (x 67B)
Class jdk.internal.jrtfs.SystemImage                                                  : loaded 2 times (x 71B)
Class com.squareup.javapoet.LineWrapper$1                                             : loaded 2 times (x 68B)
Class kotlin.collections.CollectionsKt___CollectionsKt$asSequence$$inlined$Sequence$1 : loaded 2 times (x 72B)
Class com.sun.xml.bind.v2.runtime.property.SingleMapNodeProperty                      : loaded 2 times (x 99B)
Class com.sun.xml.bind.v2.model.runtime.RuntimeTypeRef                                : loaded 2 times (x 67B)
Class com.sun.xml.bind.v2.runtime.JAXBContextImpl$6                                   : loaded 2 times (x 88B)
Class com.google.gson.internal.LinkedTreeMap$Node                                     : loaded 2 times (x 76B)
Class com.sun.xml.bind.v2.runtime.JAXBContextImpl$3                                   : loaded 2 times (x 71B)
Class com.google.common.reflect.Types$ClassOwnership$1                                : loaded 2 times (x 77B)
Class com.google.common.collect.MapMakerInternalMap$Strength$2                        : loaded 2 times (x 77B)
Class [Lorg.objectweb.asm.AnnotationVisitor;                                          : loaded 2 times (x 66B)
Class com.google.common.util.concurrent.AbstractFuture$SafeAtomicHelper               : loaded 2 times (x 76B)
Class com.google.common.cache.LocalCache$LocalLoadingCache                            : loaded 2 times (x 131B)
Class com.google.common.base.AbstractIterator$State                                   : loaded 2 times (x 76B)
Class org.gradle.internal.service.UnknownServiceException                             : loaded 2 times (x 80B)
Class com.sun.xml.bind.annotation.XmlLocation                                         : loaded 2 times (x 67B)
Class com.sun.xml.bind.v2.model.annotation.XmlSchemaQuick                             : loaded 2 times (x 92B)
Class com.sun.xml.bind.v2.runtime.JAXBContextImpl$JAXBContextBuilder                  : loaded 2 times (x 83B)
Class com.sun.istack.Pool$Impl                                                        : loaded 2 times (x 74B)
Class com.sun.xml.bind.v2.runtime.Transducer                                          : loaded 2 times (x 67B)
Class android.databinding.tool.writer.JavaFileWriter                                  : loaded 2 times (x 71B)
Class com.google.common.reflect.Types$ClassOwnership$2                                : loaded 2 times (x 77B)
Class com.google.common.reflect.TypeResolver                                          : loaded 2 times (x 69B)
Class com.google.common.collect.MapMakerInternalMap$StrongValueEntry                  : loaded 2 times (x 67B)
Class org.objectweb.asm.ModuleVisitor                                                 : loaded 2 times (x 78B)
Class com.google.common.cache.LocalCache$Strength$1                                   : loaded 2 times (x 78B)
Class com.android.tools.build.jetifier.core.proguard.ProGuardTypesMap$Companion       : loaded 2 times (x 68B)
Class com.android.tools.build.jetifier.core.proguard.ProGuardTypesMap$JsonData        : loaded 2 times (x 69B)
Class com.sun.xml.bind.v2.runtime.unmarshaller.DefaultIDResolver                      : loaded 2 times (x 73B)
Class com.sun.xml.bind.v2.util.CollisionCheckStack                                    : loaded 2 times (x 196B)
Class javax.xml.bind.annotation.XmlID                                                 : loaded 2 times (x 67B)
Class com.sun.xml.bind.v2.model.impl.RuntimeArrayInfoImpl                             : loaded 2 times (x 104B)
Class com.google.common.collect.Collections2$FilteredCollection                       : loaded 2 times (x 116B)
Class org.apache.commons.io.file.Counters$Counter                                     : loaded 2 times (x 67B)
Class android.databinding.tool.store.GenClassInfoLog$Companion                        : loaded 2 times (x 68B)
Class com.sun.xml.bind.v2.model.impl.RuntimeClassInfoImpl                             : loaded 2 times (x 159B)
Class net.rubygrapefruit.platform.internal.Platform$MacOs64Bit                        : loaded 2 times (x 79B)
Class com.google.common.reflect.Types$ClassOwnership$3                                : loaded 2 times (x 68B)
Class com.google.common.util.concurrent.SettableFuture                                : loaded 2 times (x 111B)
Class com.google.common.cache.LocalCache$Strength$2                                   : loaded 2 times (x 78B)
Class kotlin.reflect.KTypeParameter                                                   : loaded 2 times (x 67B)
Class javax.xml.bind.annotation.XmlAnyElement                                         : loaded 2 times (x 67B)
Class com.sun.xml.bind.v2.model.impl.RuntimeBuiltinLeafInfoImpl$StringImplImpl        : loaded 2 times (x 133B)
Class android.databinding.internal.org.antlr.v4.runtime.ParserRuleContext             : loaded 2 times (x 128B)
Class kotlin.collections.CollectionsKt__CollectionsKt                                 : loaded 2 times (x 68B)
Class android.databinding.tool.LibTypes$observableFields$2                            : loaded 2 times (x 76B)
Class kotlin.collections.ArraysKt___ArraysJvmKt                                       : loaded 2 times (x 68B)
Class kotlin.text.StringsKt__RegexExtensionsJVMKt                                     : loaded 2 times (x 68B)
Class com.sun.xml.bind.v2.runtime.reflect.ListTransducedAccessorImpl                  : loaded 2 times (x 77B)
Class net.rubygrapefruit.platform.internal.Platform$Posix                             : loaded 2 times (x 78B)
Class com.google.common.collect.Interners$InternerImpl                                : loaded 2 times (x 72B)
Class com.google.common.collect.Interner                                              : loaded 2 times (x 67B)
Class com.google.common.cache.LocalCache$Strength$3                                   : loaded 2 times (x 78B)
Class com.google.common.base.Splitter$1                                               : loaded 2 times (x 74B)
Class kotlin.text.Regex$Companion                                                     : loaded 2 times (x 68B)
Class com.sun.xml.bind.v2.runtime.reflect.PrimitiveArrayListerInteger                 : loaded 2 times (x 73B)
Class com.sun.xml.bind.v2.runtime.IllegalAnnotationsException$Builder                 : loaded 2 times (x 74B)
Class com.sun.xml.bind.v2.model.annotation.RuntimeAnnotationReader                    : loaded 2 times (x 67B)
Class kotlin._Assertions                                                              : loaded 2 times (x 68B)
Class com.google.gson.LongSerializationPolicy                                         : loaded 2 times (x 77B)
Class android.databinding.tool.util.L$Client                                          : loaded 2 times (x 67B)
Class com.google.common.reflect.Invokable                                             : loaded 2 times (x 100B)
Class com.google.common.collect.MapMaker$Dummy                                        : loaded 2 times (x 76B)
Class org.objectweb.asm.FieldWriter                                                   : loaded 2 times (x 75B)
Class com.google.common.cache.CacheBuilder$NullListener                               : loaded 2 times (x 79B)
Class org.gradle.internal.classpath.TransformedClassPath                              : loaded 2 times (x 93B)
Class jdk.internal.jrtfs.SystemImage$1                                                : loaded 2 times (x 75B)
Class com.sun.xml.bind.v2.util.XmlFactory                                             : loaded 2 times (x 68B)
Class com.sun.xml.bind.v2.runtime.output.C14nXmlOutput                                : loaded 2 times (x 98B)
Class com.sun.xml.bind.v2.runtime.unmarshaller.ProxyLoader                            : loaded 2 times (x 75B)
Class com.sun.xml.bind.v2.model.core.ArrayInfo                                        : loaded 2 times (x 67B)
Class javax.xml.bind.PropertyException                                                : loaded 2 times (x 82B)
Class com.sun.xml.bind.v2.runtime.unmarshaller.TagName                                : loaded 2 times (x 72B)
Class com.google.common.collect.ImmutableListMultimap                                 : loaded 2 times (x 173B)
Class com.android.tools.build.jetifier.core.rule.RewriteRule$JsonData                 : loaded 2 times (x 69B)
Class com.android.tools.build.jetifier.core.PackageMap$PackageRule                    : loaded 2 times (x 69B)
Class android.databinding.tool.util.L                                                 : loaded 2 times (x 68B)
Class kotlin.jvm.internal.FunctionBase                                                : loaded 2 times (x 67B)
Class kotlin.enums.EnumEntriesList                                                    : loaded 2 times (x 220B)
Class com.google.common.reflect.Types$ParameterizedTypeImpl                           : loaded 2 times (x 78B)
Class com.google.common.collect.ImmutableRangeSet$AsSet                               : loaded 2 times (x 296B)
Class com.google.common.cache.CacheLoader$FunctionToCacheLoader                       : loaded 2 times (x 72B)
Class jdk.internal.jrtfs.SystemImage$2                                                : loaded 2 times (x 73B)
Class com.squareup.javapoet.MethodSpec                                                : loaded 2 times (x 69B)
Class com.squareup.javapoet.TypeSpec$Builder                                          : loaded 2 times (x 69B)
Class com.android.tools.build.jetifier.core.utils.LogConsumer                         : loaded 2 times (x 67B)
Class android.databinding.internal.org.antlr.v4.runtime.TokenStream                   : loaded 2 times (x 67B)
Class com.sun.xml.bind.v2.runtime.reflect.PrimitiveArrayListerShort                   : loaded 2 times (x 73B)
Class com.sun.xml.bind.v2.runtime.reflect.NullSafeAccessor                            : loaded 2 times (x 82B)
Class com.sun.xml.bind.v2.runtime.property.AttributeProperty                          : loaded 2 times (x 102B)
Class android.databinding.tool.store.ResourceBundle$NameTypeLocation                  : loaded 2 times (x 69B)
Class com.sun.xml.bind.v2.model.annotation.LocatableAnnotation                        : loaded 2 times (x 82B)
Class kotlin.comparisons.ComparisonsKt___ComparisonsJvmKt                             : loaded 2 times (x 68B)
Class org.gradle.api.internal.classpath.EffectiveClassPath                            : loaded 2 times (x 87B)
Class com.google.common.collect.EmptyImmutableListMultimap                            : loaded 2 times (x 173B)
Class net.rubygrapefruit.platform.internal.Platform                                   : loaded 2 times (x 76B)
Class net.rubygrapefruit.platform.NativeIntegrationUnavailableException               : loaded 2 times (x 79B)
Class kotlin.collections.CollectionsKt__IteratorsJVMKt                                : loaded 2 times (x 68B)
Class com.google.gson.internal.bind.DefaultDateTypeAdapter                            : loaded 2 times (x 71B)
Class com.google.gson.GsonBuilder                                                     : loaded 2 times (x 69B)
Class com.google.common.reflect.TypeResolver$TypeVariableKey                          : loaded 2 times (x 69B)
Class com.google.common.base.MoreObjects                                              : loaded 2 times (x 68B)
Class com.android.tools.build.jetifier.core.pom.DependencyVersionsMap$Companion       : loaded 2 times (x 68B)
Class com.android.tools.build.jetifier.core.PackageMap$Companion                      : loaded 2 times (x 68B)
Class android.databinding.tool.ext.Collection_extKt                                   : loaded 2 times (x 68B)
Class kotlin.reflect.KProperty0                                                       : loaded 2 times (x 67B)
Class com.sun.xml.bind.marshaller.NamespacePrefixMapper                               : loaded 2 times (x 72B)
Class com.sun.xml.bind.v2.runtime.property.ArrayElementLeafProperty                   : loaded 2 times (x 102B)
Class com.sun.xml.bind.v2.model.impl.ElementPropertyInfoImpl$1                        : loaded 2 times (x 197B)
Class com.sun.xml.bind.v2.model.impl.ERPropertyInfoImpl                               : loaded 2 times (x 105B)
Class com.sun.xml.bind.v2.model.impl.RuntimeBuiltinLeafInfoImpl$1                     : loaded 2 times (x 73B)
Class android.databinding.tool.util.FileUtil                                          : loaded 2 times (x 68B)
Class android.databinding.tool.LibTypes$dataBinderMapper$2                            : loaded 2 times (x 76B)
Class com.google.gson.internal.Primitives                                             : loaded 2 times (x 68B)
Class com.google.gson.stream.JsonWriter                                               : loaded 2 times (x 95B)
Class com.google.gson.internal.bind.TypeAdapters$33                                   : loaded 2 times (x 73B)
Class [Lorg.objectweb.asm.Type;                                                       : loaded 2 times (x 66B)
Class org.gradle.internal.service.ServiceLocator                                      : loaded 2 times (x 67B)
Class jdk.internal.jrtfs.JrtFileSystemProvider                                        : loaded 2 times (x 98B)
Class android.databinding.tool.ext.XmlResourceReference                               : loaded 2 times (x 69B)
Class kotlin.reflect.KClass                                                           : loaded 2 times (x 67B)
Class kotlin.reflect.KProperty1                                                       : loaded 2 times (x 67B)
Class com.google.common.collect.Maps$FilteredEntryMap$EntrySet$1$1                    : loaded 2 times (x 84B)
Class com.sun.xml.bind.v2.runtime.CompositeStructureBeanInfo                          : loaded 2 times (x 95B)
Class com.sun.xml.bind.v2.runtime.property.ArrayERProperty                            : loaded 2 times (x 101B)
Class com.sun.xml.bind.v2.model.impl.RuntimeBuiltinLeafInfoImpl$2                     : loaded 2 times (x 133B)
Class com.sun.xml.bind.v2.util.QNameMap$Entry                                         : loaded 2 times (x 69B)
Class com.google.gson.internal.bind.ObjectTypeAdapter                                 : loaded 2 times (x 71B)
Class kotlin.io.FileTreeWalk$FileTreeWalkIterator                                     : loaded 2 times (x 80B)
Class com.google.common.collect.Maps$FilteredEntryMap                                 : loaded 2 times (x 125B)
Class com.google.gson.internal.bind.TypeAdapterRuntimeTypeWrapper                     : loaded 2 times (x 71B)
Class android.databinding.tool.LibTypes$nullable$2                                    : loaded 2 times (x 76B)
Class kotlin.Pair                                                                     : loaded 2 times (x 69B)
Class kotlin.sequences.TransformingSequence$iterator$1                                : loaded 2 times (x 76B)
Class android.databinding.tool.CompilerArguments$Type                                 : loaded 2 times (x 76B)
Class com.google.common.base.Ascii                                                    : loaded 2 times (x 68B)
Class com.google.common.cache.LocalCache$1                                            : loaded 2 times (x 86B)
Class com.android.tools.build.jetifier.core.TypeRewriter$Companion                    : loaded 2 times (x 68B)
Class kotlin.collections.CollectionsKt___CollectionsKt$withIndex$1                    : loaded 2 times (x 76B)
Class kotlin.reflect.KProperty2                                                       : loaded 2 times (x 67B)
Class com.sun.xml.bind.v2.runtime.Name                                                : loaded 2 times (x 72B)
Class com.sun.xml.bind.v2.model.impl.RuntimeBuiltinLeafInfoImpl$3                     : loaded 2 times (x 133B)
Class com.sun.xml.bind.v2.model.core.BuiltinLeafInfo                                  : loaded 2 times (x 67B)
Class org.apache.commons.io.function.IOSupplier                                       : loaded 2 times (x 67B)
Class com.sun.xml.bind.v2.runtime.JAXBContextImpl$2                                   : loaded 2 times (x 75B)
Class javax.xml.bind.annotation.XmlEnum                                               : loaded 2 times (x 67B)
Class [Lcom.sun.xml.bind.v2.runtime.property.Property;                                : loaded 2 times (x 66B)
Class kotlin.io.CloseableKt                                                           : loaded 2 times (x 68B)
Class kotlin.collections.CollectionsKt__MutableCollectionsKt                          : loaded 2 times (x 68B)
Class android.databinding.tool.LibTypes$bindingAdapter$2                              : loaded 2 times (x 76B)
Class com.google.common.reflect.TypeToken$SimpleTypeToken                             : loaded 2 times (x 70B)
Class com.google.common.collect.MapMakerInternalMap$AbstractStrongKeyEntry            : loaded 2 times (x 77B)
Class com.google.common.cache.LocalCache$2                                            : loaded 2 times (x 139B)
Class com.squareup.javapoet.CodeWriter                                                : loaded 2 times (x 69B)
Class kotlin.reflect.KCallable                                                        : loaded 2 times (x 67B)
Class com.sun.xml.bind.v2.model.runtime.RuntimeAttributePropertyInfo                  : loaded 2 times (x 67B)
Class com.sun.xml.bind.v2.model.impl.RuntimeBuiltinLeafInfoImpl$4                     : loaded 2 times (x 133B)
Class com.sun.xml.bind.v2.model.core.ErrorHandler                                     : loaded 2 times (x 67B)
Class javax.xml.bind.Marshaller                                                       : loaded 2 times (x 67B)
Class com.sun.xml.bind.v2.runtime.ClassBeanInfoImpl                                   : loaded 2 times (x 89B)
Class com.sun.xml.bind.v2.model.runtime.RuntimeNonElement                             : loaded 2 times (x 67B)
Class kotlin.io.TerminateException                                                    : loaded 2 times (x 79B)
Class com.sun.xml.bind.v2.runtime.reflect.Utils                                       : loaded 2 times (x 68B)
Class kotlin.io.FilesKt__FilePathComponentsKt                                         : loaded 2 times (x 68B)
Class com.google.gson.internal.bind.MapTypeAdapterFactory$Adapter                     : loaded 2 times (x 71B)
Class com.google.gson.internal.sql.SqlTimeTypeAdapter$1                               : loaded 2 times (x 72B)
Class com.google.common.collect.ImmutableRangeSet$1                                   : loaded 2 times (x 206B)
Class com.google.common.util.concurrent.AbstractFuture$UnsafeAtomicHelper$1           : loaded 2 times (x 73B)
Class com.squareup.javapoet.TypeSpec$Kind                                             : loaded 2 times (x 76B)
Class com.sun.xml.bind.v2.runtime.unmarshaller.UnmarshallingContext$State             : loaded 2 times (x 69B)
Class com.sun.xml.bind.v2.runtime.unmarshaller.UnmarshallingContext$ExpectedTypeRootLoader: loaded 2 times (x 77B)
Class com.sun.xml.bind.v2.runtime.ElementBeanInfoImpl$1                               : loaded 2 times (x 103B)
Class com.sun.xml.bind.v2.runtime.property.ArrayERProperty$ItemsLoader                : loaded 2 times (x 75B)
Class com.sun.xml.bind.v2.model.impl.GetterSetterPropertySeed                         : loaded 2 times (x 87B)
Class com.sun.xml.bind.v2.model.impl.RuntimeBuiltinLeafInfoImpl$5                     : loaded 2 times (x 133B)
Class javax.xml.bind.DatatypeConverterInterface                                       : loaded 2 times (x 67B)
Class kotlin.io.LinesSequence$iterator$1                                              : loaded 2 times (x 76B)
Class kotlin.collections.AbstractIterator                                             : loaded 2 times (x 80B)
Class kotlin.text.CharsKt                                                             : loaded 2 times (x 68B)
Class com.google.common.base.Optional                                                 : loaded 2 times (x 77B)
Class com.google.common.collect.Range                                                 : loaded 2 times (x 84B)
Class com.google.common.util.concurrent.AbstractFuture$Trusted                        : loaded 2 times (x 67B)
Class com.google.common.base.CharMatcher$RangesMatcher                                : loaded 2 times (x 109B)
Class jdk.internal.jrtfs.JrtDirectoryStream$1                                         : loaded 2 times (x 80B)
Class jdk.internal.jimage.ImageLocation                                               : loaded 2 times (x 87B)
Class com.sun.xml.bind.v2.runtime.property.SingleElementNodeProperty                  : loaded 2 times (x 99B)
Class com.sun.xml.bind.api.impl.NameConverter$1                                       : loaded 2 times (x 90B)
Class com.sun.xml.bind.v2.model.impl.RuntimeBuiltinLeafInfoImpl$6                     : loaded 2 times (x 133B)
Class android.databinding.tool.store.ResourceBundle$LayoutFileBundle                  : loaded 2 times (x 100B)
Class com.google.common.base.StandardSystemProperty                                   : loaded 2 times (x 76B)
Class com.google.gson.internal.bind.DefaultDateTypeAdapter$DateType                   : loaded 2 times (x 70B)
Class kotlin.text.DelimitedRangesSequence$iterator$1                                  : loaded 2 times (x 76B)
Class android.databinding.tool.CompilerArguments                                      : loaded 2 times (x 69B)
Class net.rubygrapefruit.platform.internal.Platform$Linux32Bit                        : loaded 2 times (x 80B)
Class com.google.common.io.ByteSink$AsCharSink                                        : loaded 2 times (x 77B)
Class com.google.common.util.concurrent.UncheckedExecutionException                   : loaded 2 times (x 79B)
Class org.gradle.kotlin.dsl.VersionCatalogAccessorsKt                                 : loaded 2 times (x 68B)
Class com.sun.xml.bind.v2.runtime.reflect.PrimitiveArrayListerDouble                  : loaded 2 times (x 73B)
Class com.sun.xml.bind.v2.runtime.unmarshaller.Loader                                 : loaded 2 times (x 74B)
Class com.sun.xml.bind.api.impl.NameConverter$2                                       : loaded 2 times (x 90B)
Class com.sun.xml.bind.v2.model.impl.RuntimeBuiltinLeafInfoImpl$7                     : loaded 2 times (x 133B)
Class com.sun.xml.bind.v2.model.runtime.RuntimeClassInfo                              : loaded 2 times (x 67B)
Class kotlin.io.FileTreeWalk$FileTreeWalkIterator$WhenMappings                        : loaded 2 times (x 68B)
Class com.google.gson.internal.bind.ReflectiveTypeAdapterFactory$1                    : loaded 2 times (x 76B)
Class android.databinding.tool.LibTypes                                               : loaded 2 times (x 69B)
Class net.rubygrapefruit.platform.Native                                              : loaded 2 times (x 68B)
Class net.rubygrapefruit.platform.NativeIntegration                                   : loaded 2 times (x 67B)
Class com.google.common.collect.ImmutableSortedSetFauxverideShim                      : loaded 2 times (x 144B)
Class com.google.common.base.CharMatcher$JavaLetterOrDigit                            : loaded 2 times (x 108B)
Class org.gradle.internal.InternalTransformer                                         : loaded 2 times (x 67B)
Class jdk.internal.jimage.ImageBufferCache$1                                          : loaded 2 times (x 80B)
Class com.sun.istack.FinalArrayList                                                   : loaded 2 times (x 206B)
Class com.sun.xml.bind.v2.model.impl.RuntimeBuiltinLeafInfoImpl$8                     : loaded 2 times (x 133B)
Class com.sun.xml.bind.api.ErrorListener                                              : loaded 2 times (x 67B)
Class org.apache.commons.io.filefilter.OrFileFilter                                   : loaded 2 times (x 124B)
Class org.apache.commons.io.function.Uncheck                                          : loaded 2 times (x 68B)
Class kotlin.collections.EmptyList                                                    : loaded 2 times (x 171B)
Class kotlin.collections.MapsKt__MapsJVMKt                                            : loaded 2 times (x 68B)
Class [Lnet.rubygrapefruit.platform.internal.FunctionResult$Failure;                  : loaded 2 times (x 66B)
Class com.google.common.collect.AbstractMapBasedMultimap$KeySet$1                     : loaded 2 times (x 79B)
Class org.objectweb.asm.ClassWriter                                                   : loaded 2 times (x 103B)
Class com.google.common.cache.CacheLoader$UnsupportedLoadingOperationException        : loaded 2 times (x 79B)
Class com.google.common.base.CharMatcher$And                                          : loaded 2 times (x 109B)
Class org.gradle.internal.classloader.ClasspathUtil$1                                 : loaded 2 times (x 73B)
Class jdk.internal.jimage.ImageBufferCache$2                                          : loaded 2 times (x 88B)
Class com.squareup.javapoet.JavaFile$Builder                                          : loaded 2 times (x 69B)
Class com.sun.xml.bind.CycleRecoverable$Context                                       : loaded 2 times (x 67B)
Class com.sun.xml.bind.v2.model.annotation.XmlSchemaTypeQuick                         : loaded 2 times (x 90B)
Class com.sun.xml.bind.v2.model.impl.RuntimeBuiltinLeafInfoImpl$10                    : loaded 2 times (x 133B)
Class com.sun.xml.bind.v2.model.impl.RuntimeBuiltinLeafInfoImpl$9                     : loaded 2 times (x 133B)
Class com.sun.xml.bind.v2.runtime.BridgeImpl                                          : loaded 2 times (x 84B)
Class android.databinding.internal.org.antlr.v4.runtime.IntStream                     : loaded 2 times (x 67B)
Class org.gradle.internal.classloader.ClassLoaderVisitor                              : loaded 2 times (x 73B)
Class com.google.gson.ToNumberStrategy                                                : loaded 2 times (x 67B)
Class com.google.gson.TypeAdapter                                                     : loaded 2 times (x 70B)
Class com.google.common.base.CharMatcher$None                                         : loaded 2 times (x 109B)
Class com.google.common.collect.FluentIterable$1                                      : loaded 2 times (x 78B)
Class com.google.common.base.Objects                                                  : loaded 2 times (x 68B)
Class org.objectweb.asm.FieldVisitor                                                  : loaded 2 times (x 74B)
Class org.gradle.api.internal.classpath.DefaultModuleRegistry$DefaultModule           : loaded 2 times (x 83B)
Class [Lcom.sun.xml.bind.v2.runtime.unmarshaller.Scope;                               : loaded 2 times (x 66B)
Class com.sun.xml.bind.v2.model.impl.RuntimeBuiltinLeafInfoImpl$11                    : loaded 2 times (x 133B)
Class com.sun.xml.bind.v2.model.core.ElementInfo                                      : loaded 2 times (x 67B)
Class com.sun.xml.bind.v2.model.runtime.RuntimeEnumLeafInfo                           : loaded 2 times (x 67B)
Class kotlin.collections.AbstractList$Companion                                       : loaded 2 times (x 68B)
Class android.databinding.tool.store.GenClassInfoLog$GenClassImpl$Companion           : loaded 2 times (x 68B)
Class kotlin.sequences.SequencesKt___SequencesKt                                      : loaded 2 times (x 68B)
Class com.google.common.reflect.Reflection                                            : loaded 2 times (x 68B)
Class com.google.common.base.Absent                                                   : loaded 2 times (x 77B)
Class com.google.common.collect.FluentIterable$2                                      : loaded 2 times (x 78B)
Class com.squareup.javapoet.MethodSpec$Builder                                        : loaded 2 times (x 69B)
Class com.android.tools.build.jetifier.core.config.Config$JsonData                    : loaded 2 times (x 69B)
Class com.android.tools.build.jetifier.core.type.JavaType$Companion                   : loaded 2 times (x 68B)
Class kotlin.collections.IndexingIterable                                             : loaded 2 times (x 76B)
Class com.sun.xml.bind.v2.runtime.property.ArrayElementProperty                       : loaded 2 times (x 102B)
Class com.sun.xml.bind.api.impl.NameUtil                                              : loaded 2 times (x 77B)
Class com.sun.xml.bind.v2.util.ByteArrayOutputStreamEx                                : loaded 2 times (x 91B)
Class com.sun.xml.bind.v2.model.impl.RuntimeBuiltinLeafInfoImpl$12                    : loaded 2 times (x 133B)
Class com.sun.xml.bind.v2.model.impl.RuntimeBuiltinLeafInfoImpl$PcdataImpl            : loaded 2 times (x 131B)
Class com.sun.xml.bind.v2.model.impl.ElementInfoImpl                                  : loaded 2 times (x 106B)
Class com.sun.xml.bind.v2.model.annotation.AbstractInlineAnnotationReaderImpl         : loaded 2 times (x 101B)
Class org.apache.commons.io.file.CountingPathVisitor                                  : loaded 2 times (x 88B)
Class android.databinding.tool.LibTypes$typeRewriter$2                                : loaded 2 times (x 75B)
Class android.databinding.tool.processing.scopes.LocationScopeProvider                : loaded 2 times (x 67B)
Class com.google.gson.internal.bind.TypeAdapters$32                                   : loaded 2 times (x 73B)
Class com.sun.xml.bind.v2.runtime.JAXBContextImpl$1                                   : loaded 2 times (x 75B)
Class com.google.gson.internal.bind.DateTypeAdapter                                   : loaded 2 times (x 71B)
Class kotlin.collections.ArraysKt__ArraysKt                                           : loaded 2 times (x 68B)
Class com.google.common.collect.FluentIterable$3                                      : loaded 2 times (x 78B)
Class com.google.common.math.MathPreconditions                                        : loaded 2 times (x 68B)
Class com.google.common.collect.ArrayListMultimapGwtSerializationDependencies         : loaded 2 times (x 169B)
Class com.squareup.javapoet.ParameterizedTypeName                                     : loaded 2 times (x 78B)
Class kotlin.collections.SetsKt__SetsJVMKt                                            : loaded 2 times (x 68B)
Class com.sun.xml.bind.v2.runtime.MarshallerImpl$1                                    : loaded 2 times (x 149B)
Class com.sun.xml.bind.v2.runtime.unmarshaller.LeafPropertyXsiLoader                  : loaded 2 times (x 75B)
Class com.sun.xml.bind.v2.runtime.property.ArrayReferenceNodeProperty                 : loaded 2 times (x 101B)
Class [Lcom.sun.xml.bind.v2.runtime.property.AttributeProperty;                       : loaded 2 times (x 66B)
Class javax.xml.bind.annotation.XmlElements                                           : loaded 2 times (x 67B)
Class com.sun.xml.bind.v2.model.impl.ClassInfoImpl$ConflictException                  : loaded 2 times (x 79B)
Class com.sun.xml.bind.v2.model.annotation.XmlElementQuick                            : loaded 2 times (x 93B)
Class com.sun.xml.bind.v2.model.impl.RuntimeBuiltinLeafInfoImpl$13                    : loaded 2 times (x 134B)
Class com.sun.xml.bind.v2.model.impl.ModelBuilderI                                    : loaded 2 times (x 67B)
Class com.sun.xml.bind.v2.runtime.LeafBeanInfoImpl                                    : loaded 2 times (x 86B)
Class com.sun.xml.bind.v2.model.impl.TypeInfoImpl                                     : loaded 2 times (x 82B)
Class com.sun.xml.bind.v2.runtime.property.Utils$1                                    : loaded 2 times (x 74B)
Class com.google.gson.internal.ObjectConstructor                                      : loaded 2 times (x 67B)
Class androidx.databinding.InverseBindingMethods                                      : loaded 2 times (x 67B)
Class android.databinding.tool.util.LoggedErrorException                              : loaded 2 times (x 79B)
Class kotlin.Function                                                                 : loaded 2 times (x 67B)
Class org.gradle.api.internal.classpath.Module                                        : loaded 2 times (x 67B)
Class com.squareup.javapoet.AnnotationSpec$Builder                                    : loaded 2 times (x 69B)
Class com.android.tools.build.jetifier.core.rule.RewriteRule$Companion                : loaded 2 times (x 68B)
Class com.android.tools.build.jetifier.core.rule.RewriteRule                          : loaded 2 times (x 69B)
Class kotlin.reflect.KMutableProperty                                                 : loaded 2 times (x 67B)
Class com.sun.xml.bind.v2.runtime.reflect.AdaptedLister                               : loaded 2 times (x 74B)
Class com.sun.xml.bind.v2.model.nav.ReflectionNavigator$10                            : loaded 2 times (x 74B)
Class com.sun.xml.bind.v2.model.impl.RuntimeBuiltinLeafInfoImpl$UUIDImpl              : loaded 2 times (x 133B)
Class com.sun.xml.bind.v2.model.impl.RuntimeBuiltinLeafInfoImpl$14                    : loaded 2 times (x 133B)
Class com.sun.xml.bind.v2.model.core.RegistryInfo                                     : loaded 2 times (x 67B)
Class kotlin.io.FileAlreadyExistsException                                            : loaded 2 times (x 79B)
Class org.apache.commons.io.filefilter.FileFileFilter                                 : loaded 2 times (x 113B)
Class kotlin.internal.ProgressionUtilKt                                               : loaded 2 times (x 68B)
Class com.google.common.cache.Weigher                                                 : loaded 2 times (x 67B)
Class org.gradle.api.internal.classpath.UnknownModuleException                        : loaded 2 times (x 79B)
Class jdk.internal.jimage.ImageHeader                                                 : loaded 2 times (x 68B)
Class com.android.tools.build.jetifier.core.type.TypesMap$Companion                   : loaded 2 times (x 68B)
Class kotlin.jvm.internal.PropertyReference                                           : loaded 2 times (x 112B)
Class android.databinding.internal.org.antlr.v4.runtime.RuleContext                   : loaded 2 times (x 111B)
Class com.sun.xml.bind.v2.model.impl.ClassInfoImpl$SecondaryAnnotation                : loaded 2 times (x 77B)
Class com.sun.xml.bind.v2.model.impl.RuntimeBuiltinLeafInfoImpl$15                    : loaded 2 times (x 133B)
Class com.sun.xml.bind.v2.runtime.AnyTypeBeanInfo                                     : loaded 2 times (x 89B)
Class com.sun.xml.bind.v2.model.core.MaybeElement                                     : loaded 2 times (x 67B)
Class org.apache.commons.io.Charsets                                                  : loaded 2 times (x 68B)
Class com.google.gson.internal.LinkedTreeMap                                          : loaded 2 times (x 120B)
Class org.apache.commons.io.file.Counters$PathCounters                                : loaded 2 times (x 67B)
Class com.google.gson.stream.JsonReader$1                                             : loaded 2 times (x 69B)
Class com.google.common.base.Stopwatch                                                : loaded 2 times (x 69B)
Class com.google.common.cache.LocalCache$Strength                                     : loaded 2 times (x 78B)
Class com.google.common.cache.Cache                                                   : loaded 2 times (x 67B)
Class kotlin.collections.IndexingIterator                                             : loaded 2 times (x 76B)
Class android.databinding.internal.org.antlr.v4.runtime.TokenSource                   : loaded 2 times (x 67B)
Class com.sun.xml.bind.v2.model.impl.ReferencePropertyInfoImpl                        : loaded 2 times (x 124B)
Class javax.xml.bind.annotation.XmlTransient                                          : loaded 2 times (x 67B)
Class com.sun.xml.bind.v2.model.impl.AnyTypeImpl                                      : loaded 2 times (x 86B)
Class com.sun.xml.bind.v2.model.impl.RuntimeBuiltinLeafInfoImpl$16                    : loaded 2 times (x 133B)
Class com.sun.xml.bind.v2.runtime.IllegalAnnotationsException                         : loaded 2 times (x 83B)
Class com.google.gson.internal.LinkedTreeMap$1                                        : loaded 2 times (x 88B)
Class com.sun.xml.bind.marshaller.XMLWriter                                           : loaded 2 times (x 164B)
Class com.android.tools.build.jetifier.core.pom.DependencyVersionsMap                 : loaded 2 times (x 69B)
Class android.databinding.tool.LibTypes$dataBindingComponent$2                        : loaded 2 times (x 76B)
Class com.google.common.io.Files$2                                                    : loaded 2 times (x 73B)
Class com.google.common.util.concurrent.AbstractFuture$Cancellation                   : loaded 2 times (x 69B)
Class com.google.common.base.NullnessCasts                                            : loaded 2 times (x 68B)
Class [Lkotlin.reflect.KAnnotatedElement;                                             : loaded 2 times (x 66B)
Class com.sun.xml.bind.v2.runtime.reflect.Lister$ArrayLister                          : loaded 2 times (x 74B)
Class com.sun.xml.bind.v2.runtime.property.PropertyImpl                               : loaded 2 times (x 99B)
Class com.sun.xml.bind.v2.model.impl.RuntimeBuiltinLeafInfoImpl$17                    : loaded 2 times (x 133B)
Class com.sun.xml.bind.v2.runtime.BridgeContextImpl                                   : loaded 2 times (x 74B)
Class com.sun.xml.bind.v2.runtime.ElementBeanInfoImpl                                 : loaded 2 times (x 86B)
Class com.sun.xml.bind.v2.runtime.BridgeAdapter                                       : loaded 2 times (x 84B)
Class [Lcom.google.gson.ToNumberPolicy;                                               : loaded 2 times (x 66B)
Class com.google.gson.ToNumberPolicy                                                  : loaded 2 times (x 80B)
Class net.rubygrapefruit.platform.internal.FunctionResult                             : loaded 2 times (x 74B)
Class com.google.common.base.Present                                                  : loaded 2 times (x 78B)
Class com.google.common.collect.AbstractMapBasedMultimap$WrappedCollection$WrappedIterator: loaded 2 times (x 81B)
Class com.google.common.cache.RemovalListener                                         : loaded 2 times (x 67B)
Class org.gradle.api.internal.DefaultClassPathRegistry                                : loaded 2 times (x 73B)
Class com.squareup.javapoet.CodeBlock$Builder                                         : loaded 2 times (x 69B)
Class kotlin.jvm.internal.Reflection                                                  : loaded 2 times (x 68B)
Class kotlin.reflect.KProperty                                                        : loaded 2 times (x 67B)
Class com.sun.xml.bind.v2.model.core.PropertyInfo                                     : loaded 2 times (x 67B)
Class com.sun.xml.bind.v2.model.impl.RuntimeBuiltinLeafInfoImpl$18                    : loaded 2 times (x 133B)
Class javax.activation.MimeTypeParseException                                         : loaded 2 times (x 79B)
Class com.sun.xml.bind.WhiteSpaceProcessor                                            : loaded 2 times (x 68B)
Class com.sun.xml.bind.v2.runtime.AttributeAccessor                                   : loaded 2 times (x 67B)
Class com.sun.xml.bind.v2.model.annotation.Locatable                                  : loaded 2 times (x 67B)
Class org.gradle.internal.classloader.DefaultClassLoaderFactory                       : loaded 2 times (x 79B)
Class com.google.common.collect.Maps$FilteredEntryMap$EntrySet$1                      : loaded 2 times (x 79B)
Class com.google.gson.internal.ConstructorConstructor$11                              : loaded 2 times (x 72B)
Class com.google.common.base.Suppliers                                                : loaded 2 times (x 68B)
Class com.google.common.collect.ImmutableMultimap$Keys                                : loaded 2 times (x 163B)
Class [Lcom.google.common.cache.CacheBuilder$OneWeigher;                              : loaded 2 times (x 66B)
Class kotlin.ranges.ClosedRange                                                       : loaded 2 times (x 67B)
Class net.rubygrapefruit.platform.NativeIntegrationLinkageException                   : loaded 2 times (x 79B)
Class com.google.common.reflect.Invokable$ConstructorInvokable                        : loaded 2 times (x 104B)
Class org.gradle.api.internal.ClassPathRegistry                                       : loaded 2 times (x 67B)
Class org.gradle.internal.classpath.DefaultClassPath$ImmutableUniqueList              : loaded 2 times (x 196B)
Class kotlin.collections.IntIterator                                                  : loaded 2 times (x 79B)
Class android.databinding.internal.org.antlr.v4.runtime.ANTLRErrorListener            : loaded 2 times (x 67B)
Class org.objectweb.asm.MethodTooLargeException                                       : loaded 2 times (x 80B)
Class com.sun.xml.bind.v2.runtime.unmarshaller.XmlVisitor$TextPredictor               : loaded 2 times (x 67B)
Class javax.xml.bind.annotation.XmlRegistry                                           : loaded 2 times (x 67B)
Class com.sun.xml.bind.v2.model.impl.RuntimeBuiltinLeafInfoImpl$19                    : loaded 2 times (x 133B)
Class android.databinding.tool.store.GenClassInfoLog$GenClassImpl                     : loaded 2 times (x 69B)
Class com.google.common.collect.MapMakerInternalMap$Strength                          : loaded 2 times (x 77B)
Class com.google.gson.internal.ConstructorConstructor$9                               : loaded 2 times (x 73B)
Class android.databinding.tool.util.Preconditions                                     : loaded 2 times (x 68B)
Class kotlin.text.StringsKt__StringsJVMKt                                             : loaded 2 times (x 68B)
Class com.google.common.reflect.TypeToken                                             : loaded 2 times (x 70B)
Class com.google.common.collect.MapMakerInternalMap$Segment                           : loaded 2 times (x 139B)
Class com.google.common.base.ExtraObjectsMethodsForWeb                                : loaded 2 times (x 68B)
Class com.google.gson.internal.ConstructorConstructor$13                              : loaded 2 times (x 72B)
Class kotlin.collections.SetsKt                                                       : loaded 2 times (x 68B)
Class android.databinding.tool.util.StringUtils                                       : loaded 2 times (x 68B)
Class com.sun.xml.bind.v2.runtime.reflect.Lister$CollectionLister                     : loaded 2 times (x 74B)
Class javax.xml.bind.annotation.XmlAccessOrder                                        : loaded 2 times (x 76B)
Class com.sun.xml.bind.v2.model.impl.RuntimeAnyTypeImpl                               : loaded 2 times (x 91B)
Class com.sun.xml.bind.v2.model.nav.Navigator                                         : loaded 2 times (x 67B)
Class com.google.common.collect.MapMakerInternalMap$StrongKeyDummyValueEntry$LinkedStrongKeyDummyValueEntry: loaded 2 times (x 79B)
Class com.google.gson.internal.bind.ArrayTypeAdapter$1                                : loaded 2 times (x 72B)
Class com.google.gson.internal.bind.JsonTreeWriter                                    : loaded 2 times (x 95B)
Class android.databinding.tool.LibTypes$listClassNames$2                              : loaded 2 times (x 76B)
Class android.databinding.tool.LibTypes$Companion                                     : loaded 2 times (x 68B)
Class kotlin.text.StringsKt__IndentKt                                                 : loaded 2 times (x 68B)
Class com.google.gson.JsonSyntaxException                                             : loaded 2 times (x 79B)
Class net.rubygrapefruit.platform.internal.jni.NativeLibraryFunctions                 : loaded 2 times (x 68B)
Class com.google.common.cache.RemovalCause                                            : loaded 2 times (x 77B)
Class com.google.common.io.ByteSink                                                   : loaded 2 times (x 73B)
Class com.google.common.cache.CacheBuilder                                            : loaded 2 times (x 69B)
Class Settings_gradle$1                                                               : loaded 2 times (x 71B)
Class org.gradle.internal.classpath.ClassPath                                         : loaded 2 times (x 67B)
Class org.gradle.api.UncheckedIOException                                             : loaded 2 times (x 79B)
Class kotlin.reflect.KFunction                                                        : loaded 2 times (x 67B)
Class com.google.gson.internal.bind.TypeAdapters$31                                   : loaded 2 times (x 73B)
Class javax.xml.bind.annotation.XmlElementWrapper                                     : loaded 2 times (x 67B)
Class javax.xml.bind.annotation.adapters.XmlJavaTypeAdapter                           : loaded 2 times (x 67B)
Class com.sun.xml.bind.v2.model.annotation.AnnotationSource                           : loaded 2 times (x 67B)
Class kotlin.io.LinesSequence                                                         : loaded 2 times (x 72B)
Class [Lcom.google.common.reflect.Types$JavaVersion;                                  : loaded 2 times (x 66B)
Class com.google.common.collect.Interners$InternerBuilder                             : loaded 2 times (x 73B)
Class com.google.common.io.Files$FileByteSource                                       : loaded 2 times (x 82B)
Class com.squareup.javapoet.ParameterSpec$Builder                                     : loaded 2 times (x 69B)
Class com.android.tools.build.jetifier.core.PackageMap$PackageRule$JsonData           : loaded 2 times (x 69B)
Class [Lkotlin.reflect.KDeclarationContainer;                                         : loaded 2 times (x 66B)
Class com.sun.xml.bind.annotation.OverrideAnnotationOf                                : loaded 2 times (x 67B)
Class com.sun.xml.bind.v2.model.impl.RuntimeValuePropertyInfoImpl                     : loaded 2 times (x 132B)
Class com.google.gson.internal.JsonReaderInternalAccess                               : loaded 2 times (x 69B)
Class android.databinding.tool.LibTypes$nonNull$2                                     : loaded 2 times (x 76B)
Class kotlin.collections.MapsKt__MapsKt                                               : loaded 2 times (x 68B)
Class kotlin.jvm.internal.Lambda                                                      : loaded 2 times (x 72B)
Class net.rubygrapefruit.platform.internal.Platform$Windows                           : loaded 2 times (x 76B)
Class org.objectweb.asm.SymbolTable$Entry                                             : loaded 2 times (x 71B)
Class com.google.common.util.concurrent.AbstractFuture$AtomicHelper                   : loaded 2 times (x 75B)
Class jdk.internal.jimage.ImageStringsReader                                          : loaded 2 times (x 77B)
Class com.google.gson.internal.ConstructorConstructor$16                              : loaded 2 times (x 72B)
Class com.sun.xml.bind.v2.runtime.property.SingleElementLeafProperty                  : loaded 2 times (x 99B)
Class com.sun.xml.bind.api.impl.NameConverter$Standard                                : loaded 2 times (x 90B)
Class com.sun.xml.bind.v2.model.annotation.Init                                       : loaded 2 times (x 68B)
Class [Lkotlin.reflect.KClass;                                                        : loaded 2 times (x 66B)
Class com.google.gson.internal.bind.ReflectiveTypeAdapterFactory                      : loaded 2 times (x 72B)
Class com.google.gson.internal.sql.SqlTimestampTypeAdapter                            : loaded 2 times (x 73B)
Class android.databinding.tool.LibTypes$observableList$2                              : loaded 2 times (x 76B)
Class org.objectweb.asm.Edge                                                          : loaded 2 times (x 69B)
Class com.google.common.base.Suppliers$SupplierOfInstance                             : loaded 2 times (x 76B)
Class com.sun.xml.bind.v2.runtime.property.ArrayReferenceNodeProperty$MixedTextLoader : loaded 2 times (x 75B)
Class com.sun.xml.bind.v2.runtime.unmarshaller.XsiNilLoader$Array                     : loaded 2 times (x 77B)
Class com.sun.xml.bind.AccessorFactory                                                : loaded 2 times (x 67B)
Class kotlin.Metadata                                                                 : loaded 2 times (x 67B)
Class com.google.gson.internal.sql.SqlDateTypeAdapter$1                               : loaded 2 times (x 72B)
Class kotlin.UninitializedPropertyAccessException                                     : loaded 2 times (x 79B)
Class org.objectweb.asm.ClassVisitor                                                  : loaded 2 times (x 85B)
Class com.google.common.reflect.TypeToken$1                                           : loaded 2 times (x 107B)
Class com.google.common.cache.LocalCache$ComputingValueReference                      : loaded 2 times (x 93B)
Class com.google.common.collect.SingletonImmutableSet                                 : loaded 2 times (x 143B)
Class jdk.internal.jimage.ImageReader                                                 : loaded 2 times (x 72B)
Class kotlin.reflect.KProperty$Getter                                                 : loaded 2 times (x 67B)
Class com.sun.xml.bind.v2.model.nav.ReflectionNavigator$BinderArg                     : loaded 2 times (x 70B)
Class com.sun.xml.bind.v2.model.annotation.SecureLoader                               : loaded 2 times (x 68B)
Class com.sun.xml.bind.v2.model.impl.PropertyInfoImpl                                 : loaded 2 times (x 105B)
Class com.sun.xml.bind.v2.runtime.output.Pcdata                                       : loaded 2 times (x 85B)
Class com.sun.xml.bind.v2.util.QNameMap                                               : loaded 2 times (x 69B)
Class com.sun.xml.bind.v2.runtime.JAXBContextImpl                                     : loaded 2 times (x 87B)
Class com.google.gson.internal.ConstructorConstructor$18                              : loaded 2 times (x 72B)
Class kotlin.sequences.SequencesKt___SequencesKt$filterNotNull$1                      : loaded 2 times (x 75B)
Class com.google.common.reflect.TypeToken$2                                           : loaded 2 times (x 107B)
Class com.google.common.cache.LocalCache$Segment                                      : loaded 2 times (x 151B)
Class jdk.internal.jimage.ImageReader$SharedImageReader                               : loaded 2 times (x 92B)
Class com.google.gson.internal.LinkedTreeMap$LinkedTreeMapIterator                    : loaded 2 times (x 77B)
Class javax.xml.bind.annotation.XmlAnyAttribute                                       : loaded 2 times (x 67B)
Class com.sun.xml.bind.v2.model.impl.ValuePropertyInfoImpl                            : loaded 2 times (x 117B)
Class [Lorg.objectweb.asm.Symbol;                                                     : loaded 2 times (x 66B)
Class com.google.common.collect.TransformedListIterator                               : loaded 2 times (x 90B)
Class com.google.gson.internal.ConstructorConstructor$19                              : loaded 2 times (x 73B)
Class com.google.gson.internal.bind.ReflectiveTypeAdapterFactory$Adapter              : loaded 2 times (x 74B)
Class com.google.gson.internal.bind.TypeAdapters$10                                   : loaded 2 times (x 72B)
Class net.rubygrapefruit.platform.internal.LibraryDef                                 : loaded 2 times (x 69B)
Class com.google.common.collect.SortedIterable                                        : loaded 2 times (x 67B)
Class [Lorg.objectweb.asm.SymbolTable$Entry;                                          : loaded 2 times (x 66B)
Class com.google.common.cache.CacheLoader                                             : loaded 2 times (x 71B)
Class com.google.common.collect.AbstractListMultimap                                  : loaded 2 times (x 169B)
Class org.gradle.internal.installation.GradleInstallation$1                           : loaded 2 times (x 72B)
Class org.gradle.api.internal.classpath.ModuleRegistry                                : loaded 2 times (x 67B)
Class com.android.tools.build.jetifier.core.type.TypesMap                             : loaded 2 times (x 69B)
Class com.sun.xml.bind.v2.runtime.output.UTF8XmlOutput                                : loaded 2 times (x 97B)
Class [Lcom.sun.xml.bind.v2.model.impl.ClassInfoImpl$SecondaryAnnotation;             : loaded 2 times (x 66B)
Class com.sun.xml.bind.v2.model.core.TypeInfoSet                                      : loaded 2 times (x 67B)
Class com.sun.xml.bind.api.BridgeContext                                              : loaded 2 times (x 73B)
Class com.google.common.cache.LocalCache$Values                                       : loaded 2 times (x 115B)
Class com.google.common.reflect.TypeCapture                                           : loaded 2 times (x 68B)
Class com.google.gson.internal.bind.TypeAdapters$11                                   : loaded 2 times (x 72B)
Class [Lcom.google.gson.FieldNamingPolicy;                                            : loaded 2 times (x 66B)
Class com.google.common.util.concurrent.internal.InternalFutureFailureAccess          : loaded 2 times (x 69B)
Class com.google.common.collect.ImmutableSet$JdkBackedSetBuilderImpl                  : loaded 2 times (x 73B)
Class com.google.common.base.Splitter$SplittingIterator                               : loaded 2 times (x 81B)
Class com.squareup.javapoet.JavaFile$1                                                : loaded 2 times (x 76B)
Class com.android.tools.build.jetifier.core.TypeRewriter                              : loaded 2 times (x 69B)
Class com.sun.xml.bind.v2.runtime.output.XmlOutput                                    : loaded 2 times (x 67B)
Class com.sun.xml.bind.v2.model.runtime.RuntimeReferencePropertyInfo                  : loaded 2 times (x 67B)
Class javax.xml.bind.annotation.XmlRootElement                                        : loaded 2 times (x 67B)
Class com.sun.xml.bind.v2.model.core.Ref                                              : loaded 2 times (x 69B)
Class com.sun.xml.bind.v2.model.runtime.RuntimeElementInfo                            : loaded 2 times (x 67B)
Class com.sun.xml.bind.v2.model.impl.RuntimeModelBuilder                              : loaded 2 times (x 97B)
Class com.google.common.collect.ImmutableMultimap$Values                              : loaded 2 times (x 123B)
Class com.google.gson.internal.bind.TypeAdapters$12                                   : loaded 2 times (x 72B)
Class [Lcom.google.gson.ToNumberStrategy;                                             : loaded 2 times (x 66B)
Class com.google.common.io.Closer$SuppressingSuppressor                               : loaded 2 times (x 72B)
Class com.google.common.util.concurrent.AbstractFuture$UnsafeAtomicHelper             : loaded 2 times (x 75B)
Class com.google.common.cache.LocalCache$LocalManualCache$1                           : loaded 2 times (x 72B)
Class com.google.common.base.CharMatcher$ForPredicate                                 : loaded 2 times (x 109B)
Class jdk.internal.jimage.ImageReader$Node                                            : loaded 2 times (x 81B)
Class com.android.tools.build.jetifier.core.pom.PomDependency                         : loaded 2 times (x 69B)
Class com.sun.xml.bind.v2.runtime.unmarshaller.UnmarshallingContext                   : loaded 2 times (x 100B)
Class com.sun.xml.bind.v2.runtime.LifecycleMethods                                    : loaded 2 times (x 69B)
Class com.sun.xml.bind.v2.model.annotation.MethodLocatable                            : loaded 2 times (x 75B)
Class com.sun.xml.bind.v2.model.runtime.RuntimeMapPropertyInfo                        : loaded 2 times (x 67B)
Class com.sun.xml.bind.v2.model.nav.TypeVisitor                                       : loaded 2 times (x 73B)
Class kotlin.collections.CollectionsKt__CollectionsJVMKt                              : loaded 2 times (x 68B)
Class kotlin.io.FilesKt__UtilsKt                                                      : loaded 2 times (x 68B)
Class com.google.gson.internal.bind.DateTypeAdapter$1                                 : loaded 2 times (x 72B)
Class com.google.gson.internal.bind.TypeAdapters$13                                   : loaded 2 times (x 72B)
Class kotlin.sequences.TransformingSequence                                           : loaded 2 times (x 72B)
Class net.rubygrapefruit.platform.internal.Platform$Window32Bit                       : loaded 2 times (x 76B)
Class com.google.common.base.CharMatcher$AnyOf                                        : loaded 2 times (x 109B)
Class org.gradle.api.internal.classpath.DefaultModuleRegistry                         : loaded 2 times (x 80B)
Class jdk.internal.jimage.BasicImageReader$1                                          : loaded 2 times (x 74B)
Class kotlin.collections.IndexedValue                                                 : loaded 2 times (x 69B)
Class com.squareup.javapoet.TypeName                                                  : loaded 2 times (x 78B)
Class javax.xml.bind.Unmarshaller                                                     : loaded 2 times (x 67B)
Class com.google.gson.TypeAdapterFactory                                              : loaded 2 times (x 67B)
Class com.google.gson.internal.bind.JsonTreeReader                                    : loaded 2 times (x 95B)
Class kotlin.collections.CollectionsKt__IteratorsKt                                   : loaded 2 times (x 68B)
Class com.google.gson.internal.bind.NumberTypeAdapter$1                               : loaded 2 times (x 73B)
Class com.google.gson.internal.bind.TypeAdapters$1                                    : loaded 2 times (x 72B)
Class com.google.gson.internal.bind.TypeAdapters$14                                   : loaded 2 times (x 72B)
Class kotlin.sequences.SequencesKt                                                    : loaded 2 times (x 68B)
Class com.sun.xml.bind.api.Bridge                                                     : loaded 2 times (x 82B)
Class com.google.common.util.concurrent.ListenableFuture                              : loaded 2 times (x 67B)
Class com.google.common.cache.ReferenceEntry                                          : loaded 2 times (x 67B)
Class com.google.common.base.CharMatcher$Any                                          : loaded 2 times (x 109B)
Class com.squareup.javapoet.ParameterSpec                                             : loaded 2 times (x 69B)
Class com.squareup.javapoet.FieldSpec$Builder                                         : loaded 2 times (x 69B)
Class com.sun.xml.bind.v2.runtime.Coordinator                                         : loaded 2 times (x 80B)
Class javax.xml.bind.ValidationEventHandler                                           : loaded 2 times (x 67B)
Class com.sun.xml.bind.v2.model.annotation.XmlRootElementQuick                        : loaded 2 times (x 89B)
Class com.sun.xml.bind.v2.runtime.NameBuilder                                         : loaded 2 times (x 69B)
Class com.sun.xml.bind.v2.model.impl.RuntimeTypeInfoSetImpl                           : loaded 2 times (x 120B)
Class com.sun.xml.bind.v2.model.impl.Utils$1                                          : loaded 2 times (x 74B)
Class com.google.gson.internal.bind.TypeAdapters$2                                    : loaded 2 times (x 72B)
Class com.google.gson.internal.bind.TypeAdapters$15                                   : loaded 2 times (x 72B)
Class com.google.gson.internal.sql.SqlTypesSupport$1                                  : loaded 2 times (x 71B)
Class kotlin.text.StringsKt                                                           : loaded 2 times (x 68B)
Class com.google.common.util.concurrent.AbstractFuture                                : loaded 2 times (x 103B)
Class com.google.common.base.FunctionalEquivalence                                    : loaded 2 times (x 80B)
Class javax.xml.bind.annotation.XmlMimeType                                           : loaded 2 times (x 67B)
Class com.sun.xml.bind.v2.runtime.unmarshaller.IntData                                : loaded 2 times (x 86B)
Class android.databinding.tool.store.ResourceBundle$BindingTargetBundle$BindingBundle : loaded 2 times (x 79B)
Class javax.xml.bind.annotation.XmlSeeAlso                                            : loaded 2 times (x 67B)
Class com.sun.xml.bind.v2.model.core.PropertyKind                                     : loaded 2 times (x 76B)
Class [Lcom.sun.xml.bind.v2.model.impl.ClassInfoImpl$PropertyGroup;                   : loaded 2 times (x 66B)
Class com.sun.xml.bind.v2.runtime.unmarshaller.Receiver                               : loaded 2 times (x 67B)
Class [Lcom.sun.xml.bind.v2.model.annotation.Quick;                                   : loaded 2 times (x 66B)
Class com.google.common.collect.ImmutableMultiset                                     : loaded 2 times (x 160B)
Class com.google.gson.internal.bind.TypeAdapters$16                                   : loaded 2 times (x 72B)
Class com.google.gson.internal.bind.TypeAdapters$3                                    : loaded 2 times (x 72B)
Class com.google.gson.internal.sql.SqlTypesSupport$2                                  : loaded 2 times (x 71B)
Class kotlin.LazyKt__LazyJVMKt                                                        : loaded 2 times (x 68B)
Class com.google.common.reflect.TypeResolver$TypeTable                                : loaded 2 times (x 70B)
Class org.objectweb.asm.RecordComponentVisitor                                        : loaded 2 times (x 74B)
Class com.google.common.cache.CacheLoader$SupplierToCacheLoader                       : loaded 2 times (x 72B)
Class jdk.internal.jimage.decompressor.Decompressor                                   : loaded 2 times (x 69B)
Class jdk.internal.jimage.ImageReader$Resource                                        : loaded 2 times (x 81B)
Class com.sun.xml.bind.v2.runtime.unmarshaller.SAXConnector$TagNameImpl               : loaded 2 times (x 72B)
Class javax.xml.bind.JAXBElement                                                      : loaded 2 times (x 78B)
Class javax.xml.bind.annotation.XmlAccessorOrder                                      : loaded 2 times (x 67B)
Class android.databinding.tool.processing.scopes.FileScopeProvider                    : loaded 2 times (x 67B)
Class org.apache.commons.io.file.AccumulatorPathVisitor                               : loaded 2 times (x 92B)
Class kotlin.io.FilesKt__FileReadWriteKt                                              : loaded 2 times (x 68B)
Class com.google.gson.internal.bind.TypeAdapters$17                                   : loaded 2 times (x 72B)
Class com.google.gson.internal.bind.TypeAdapters$4                                    : loaded 2 times (x 72B)
Class [Lkotlin.Pair;                                                                  : loaded 2 times (x 66B)
Class kotlin.text.StringsKt__StringNumberConversionsKt                                : loaded 2 times (x 68B)
Class javax.xml.bind.UnmarshalException                                               : loaded 2 times (x 82B)
Class com.google.common.reflect.TypeResolver$TypeTable$1                              : loaded 2 times (x 70B)
Class org.gradle.internal.service.ServiceLookupException                              : loaded 2 times (x 79B)
Class jdk.internal.jrtfs.JrtFileAttributes                                            : loaded 2 times (x 80B)
Class com.squareup.javapoet.LineWrapper                                               : loaded 2 times (x 69B)
Class com.sun.xml.bind.v2.runtime.reflect.PrimitiveArrayListerCharacter               : loaded 2 times (x 73B)
Class com.sun.xml.bind.v2.runtime.reflect.Lister$IDREFS                               : loaded 2 times (x 74B)
Class com.sun.xml.bind.v2.model.core.TypeRef                                          : loaded 2 times (x 67B)
Class com.sun.xml.bind.v2.model.impl.FieldPropertySeed                                : loaded 2 times (x 87B)
Class com.sun.xml.bind.v2.model.annotation.Quick                                      : loaded 2 times (x 85B)
Class com.sun.xml.bind.v2.runtime.ArrayBeanInfoImpl                                   : loaded 2 times (x 86B)
Class com.google.gson.annotations.JsonAdapter                                         : loaded 2 times (x 67B)
Class com.google.gson.internal.bind.SerializationDelegatingTypeAdapter                : loaded 2 times (x 71B)
Class com.google.gson.internal.bind.TypeAdapters$18                                   : loaded 2 times (x 72B)
Class com.google.gson.internal.bind.TypeAdapters$5                                    : loaded 2 times (x 72B)
Class com.google.common.collect.ImmutableSortedSet                                    : loaded 2 times (x 296B)
Class [Lcom.google.common.cache.LocalCache$EntryFactory;                              : loaded 2 times (x 66B)
Class com.google.common.base.CharMatcher$JavaLetter                                   : loaded 2 times (x 108B)
Class org.gradle.internal.classloader.ClassLoaderFactory                              : loaded 2 times (x 67B)
Class com.sun.xml.bind.v2.runtime.unmarshaller.XmlVisitor                             : loaded 2 times (x 67B)
Class com.sun.xml.bind.v2.runtime.reflect.PrimitiveArrayListerByte                    : loaded 2 times (x 73B)
Class com.sun.xml.bind.v2.runtime.property.SingleReferenceNodeProperty$1              : loaded 2 times (x 82B)
Class com.sun.xml.bind.v2.runtime.unmarshaller.XsiNilLoader                           : loaded 2 times (x 77B)
Class javax.xml.bind.MarshalException                                                 : loaded 2 times (x 82B)
Class org.apache.commons.io.function.IOBiFunction                                     : loaded 2 times (x 67B)
Class net.rubygrapefruit.platform.NativeException                                     : loaded 2 times (x 79B)
Class android.databinding.tool.CompilerArguments$Companion                            : loaded 2 times (x 68B)
Class com.google.gson.internal.bind.ReflectiveTypeAdapterFactory$FieldReflectionAdapter: loaded 2 times (x 74B)
Class com.google.gson.internal.bind.TypeAdapters$19                                   : loaded 2 times (x 72B)
Class com.google.gson.internal.bind.TypeAdapters$6                                    : loaded 2 times (x 72B)
Class net.rubygrapefruit.platform.internal.Platform$Linux                             : loaded 2 times (x 80B)
Class com.google.common.collect.ImmutableMap$SerializedForm                           : loaded 2 times (x 70B)
Class com.google.common.cache.LocalCache$LocalManualCache                             : loaded 2 times (x 96B)
Class com.google.common.base.CharMatcher$IsNot                                        : loaded 2 times (x 108B)
Class org.gradle.internal.service.CachingServiceLocator                               : loaded 2 times (x 79B)
Class kotlin.jvm.internal.CallableReference                                           : loaded 2 times (x 103B)
Class kotlin.ranges.IntProgression$Companion                                          : loaded 2 times (x 68B)
Class com.google.gson.internal.$Gson$Preconditions                                    : loaded 2 times (x 68B)
Class com.google.gson.annotations.SerializedName                                      : loaded 2 times (x 67B)
Class com.google.gson.internal.bind.TypeAdapters$7                                    : loaded 2 times (x 72B)
Class com.google.common.collect.RegularImmutableSortedSet                             : loaded 2 times (x 296B)
Class com.google.common.collect.AbstractMapBasedMultimap$KeySet                       : loaded 2 times (x 134B)
Class com.google.common.math.IntMath                                                  : loaded 2 times (x 68B)
Class kotlin.properties.ReadOnlyProperty                                              : loaded 2 times (x 67B)
Class android.databinding.tool.ext.Replacement                                        : loaded 2 times (x 69B)
Class com.sun.xml.bind.v2.runtime.reflect.TransducedAccessor$CompositeContextDependentTransducedAccessorImpl: loaded 2 times (x 76B)
Class com.sun.xml.bind.v2.model.impl.RuntimeAttributePropertyInfoImpl                 : loaded 2 times (x 141B)
Class com.sun.xml.bind.v2.runtime.reflect.Accessor                                    : loaded 2 times (x 82B)
Class com.sun.xml.bind.api.AccessorException                                          : loaded 2 times (x 79B)
Class com.google.gson.stream.MalformedJsonException                                   : loaded 2 times (x 79B)
Class org.apache.commons.io.file.Counters$AbstractPathCounters                        : loaded 2 times (x 79B)
Class org.apache.commons.io.filefilter.FileEqualsFileFilter                           : loaded 2 times (x 113B)
Class org.apache.commons.io.file.Counters$NoopCounter                                 : loaded 2 times (x 77B)
Class com.google.gson.internal.bind.CollectionTypeAdapterFactory$Adapter              : loaded 2 times (x 71B)
Class com.google.gson.internal.bind.TypeAdapters$8                                    : loaded 2 times (x 72B)
Class kotlin.ranges.IntRange                                                          : loaded 2 times (x 90B)
Class com.google.common.reflect.Types$TypeVariableInvocationHandler                   : loaded 2 times (x 72B)
Class com.google.common.collect.MapMakerInternalMap$InternalEntry                     : loaded 2 times (x 67B)
Class com.google.common.base.CharMatcher$JavaDigit                                    : loaded 2 times (x 108B)
Class com.sun.xml.bind.api.CompositeStructure                                         : loaded 2 times (x 69B)
Class com.sun.xml.bind.v2.runtime.reflect.Lister$1                                    : loaded 2 times (x 73B)
Class android.databinding.tool.store.Location                                         : loaded 2 times (x 75B)
Class com.sun.xml.bind.v2.model.nav.ReflectionNavigator$1                             : loaded 2 times (x 78B)
Class com.sun.xml.bind.v2.util.TypeCast                                               : loaded 2 times (x 68B)
Class javax.xml.bind.annotation.XmlValue                                              : loaded 2 times (x 67B)
Class com.sun.xml.bind.v2.runtime.reflect.Accessor$2                                  : loaded 2 times (x 84B)
Class com.google.gson.internal.bind.TypeAdapters$9                                    : loaded 2 times (x 72B)
Class android.databinding.tool.LibTypes$viewBinding$2                                 : loaded 2 times (x 76B)
Class kotlin.enums.EnumEntries                                                        : loaded 2 times (x 67B)
Class com.sun.xml.bind.v2.runtime.unmarshaller.DefaultValueLoaderDecorator            : loaded 2 times (x 75B)
Class com.sun.xml.bind.v2.runtime.reflect.Lister$2                                    : loaded 2 times (x 74B)
Class com.sun.xml.bind.v2.runtime.reflect.DefaultTransducedAccessor                   : loaded 2 times (x 76B)
Class com.sun.xml.bind.v2.model.annotation.XmlTransientQuick                          : loaded 2 times (x 87B)
Class javax.xml.bind.annotation.XmlAccessorType                                       : loaded 2 times (x 67B)
Class com.sun.xml.bind.v2.model.nav.ReflectionNavigator$2                             : loaded 2 times (x 78B)
Class com.sun.xml.bind.v2.model.impl.EnumLeafInfoImpl                                 : loaded 2 times (x 125B)
Class org.gradle.api.internal.classpath.ManifestUtil                                  : loaded 2 times (x 68B)
Class com.google.common.util.concurrent.ExecutionError                                : loaded 2 times (x 79B)
Class com.google.gson.JsonParseException                                              : loaded 2 times (x 79B)
Class com.google.common.collect.IndexedImmutableSet$1                                 : loaded 2 times (x 209B)
Class com.google.common.cache.CacheBuilder$OneWeigher                                 : loaded 2 times (x 79B)
Class jdk.internal.jimage.ImageBufferCache                                            : loaded 2 times (x 68B)
Class jdk.internal.jrtfs.JrtPath                                                      : loaded 2 times (x 115B)
Class com.android.tools.build.jetifier.core.type.JavaType                             : loaded 2 times (x 69B)
Class com.sun.xml.bind.v2.model.nav.ReflectionNavigator$3                             : loaded 2 times (x 74B)
Class com.sun.xml.bind.v2.model.annotation.XmlValueQuick                              : loaded 2 times (x 87B)
Class com.sun.istack.Pool                                                             : loaded 2 times (x 67B)
Class com.google.common.collect.AbstractMapBasedMultimap$WrappedCollection            : loaded 2 times (x 121B)
Class android.databinding.tool.LibTypes$appCompatResources$2                          : loaded 2 times (x 76B)
Class net.rubygrapefruit.platform.internal.Platform$Unsupported                       : loaded 2 times (x 76B)
Class net.rubygrapefruit.platform.internal.Platform$FreeBSD32Bit                      : loaded 2 times (x 79B)
Class com.google.common.reflect.Types$ClassOwnership$1LocalClass                      : loaded 2 times (x 68B)
Class org.gradle.internal.classloader.ClasspathUtil                                   : loaded 2 times (x 68B)
Class [Lcom.google.common.base.StandardSystemProperty;                                : loaded 2 times (x 66B)
Class com.sun.istack.SAXException2                                                    : loaded 2 times (x 80B)
Class com.sun.xml.bind.v2.runtime.output.IndentingUTF8XmlOutput                       : loaded 2 times (x 98B)
Class com.sun.xml.bind.v2.runtime.property.UnmarshallerChain                          : loaded 2 times (x 69B)
Class com.sun.xml.bind.v2.runtime.unmarshaller.TextLoader                             : loaded 2 times (x 75B)
Class android.databinding.internal.org.antlr.v4.runtime.tree.SyntaxTree               : loaded 2 times (x 67B)
Class com.sun.xml.bind.v2.TODO                                                        : loaded 2 times (x 68B)
Class com.sun.xml.bind.v2.model.runtime.RuntimeElementPropertyInfo                    : loaded 2 times (x 67B)
Class com.sun.xml.bind.v2.model.impl.RuntimeBuiltinLeafInfoImpl$20                    : loaded 2 times (x 133B)
Class kotlin.io.FileSystemException                                                   : loaded 2 times (x 79B)
Class androidx.databinding.InverseMethod                                              : loaded 2 times (x 67B)
Class net.rubygrapefruit.platform.internal.Platform$Unix                              : loaded 2 times (x 79B)
Class com.google.common.base.Charsets                                                 : loaded 2 times (x 68B)
Class com.google.common.util.concurrent.Uninterruptibles                              : loaded 2 times (x 68B)
Class com.android.tools.build.jetifier.core.config.Config                             : loaded 2 times (x 69B)
Class com.squareup.javapoet.TypeVariableName                                          : loaded 2 times (x 78B)
Class kotlin.jvm.internal.PropertyReference1                                          : loaded 2 times (x 124B)
Class com.sun.xml.bind.v2.model.nav.ReflectionNavigator$5                             : loaded 2 times (x 74B)
Class com.sun.xml.bind.v2.model.impl.RuntimeBuiltinLeafInfoImpl$21                    : loaded 2 times (x 133B)
Class com.sun.xml.bind.v2.model.runtime.RuntimeTypeInfo                               : loaded 2 times (x 67B)
Class kotlin.jvm.internal.DefaultConstructorMarker                                    : loaded 2 times (x 68B)
Class [Lcom.google.common.cache.RemovalCause;                                         : loaded 2 times (x 66B)
Class com.google.common.base.CharMatcher$JavaUpperCase                                : loaded 2 times (x 108B)
Class org.gradle.api.specs.Spec                                                       : loaded 2 times (x 67B)
Class jdk.internal.jimage.ImageReader$SharedImageReader$LocationVisitor               : loaded 2 times (x 67B)
Class com.android.tools.build.jetifier.core.rule.RewriteRulesMap$Companion            : loaded 2 times (x 68B)
Class com.sun.xml.bind.v2.model.impl.RuntimeBuiltinLeafInfoImpl$22                    : loaded 2 times (x 133B)
Class com.sun.xml.bind.v2.model.nav.ReflectionNavigator$6                             : loaded 2 times (x 78B)
Class net.rubygrapefruit.platform.internal.Platform$FreeBSD                           : loaded 2 times (x 79B)
Class com.google.gson.JsonObject                                                      : loaded 2 times (x 90B)
Class com.google.gson.internal.sql.SqlDateTypeAdapter                                 : loaded 2 times (x 71B)
Class kotlin.UnsafeLazyImpl                                                           : loaded 2 times (x 73B)
Class kotlin.LazyKt__LazyJVMKt$WhenMappings                                           : loaded 2 times (x 68B)
Class com.google.common.reflect.Types$JavaVersion                                     : loaded 2 times (x 80B)
Class com.google.common.collect.MapMaker                                              : loaded 2 times (x 69B)
Class com.android.tools.build.jetifier.core.pom.PomRewriteRule$JsonData               : loaded 2 times (x 69B)
Class com.sun.xml.bind.v2.model.nav.ParameterizedTypeImpl                             : loaded 2 times (x 82B)
Class com.sun.xml.bind.v2.runtime.reflect.Accessor$GetterSetterReflection             : loaded 2 times (x 82B)
Class com.sun.xml.bind.v2.model.impl.RuntimeBuiltinLeafInfoImpl$23                    : loaded 2 times (x 133B)
Class javax.activation.DataHandler                                                    : loaded 2 times (x 89B)
Class com.sun.xml.bind.v2.model.runtime.RuntimeTypeInfoSet                            : loaded 2 times (x 67B)
Class com.sun.xml.bind.v2.model.impl.TypeInfoSetImpl                                  : loaded 2 times (x 108B)
Class kotlin.LazyThreadSafetyMode                                                     : loaded 2 times (x 76B)
Class javax.xml.bind.JAXBException                                                    : loaded 2 times (x 82B)
Class com.google.common.cache.LocalCache$LoadingValueReference                        : loaded 2 times (x 93B)
Class com.android.tools.build.jetifier.core.config.ConfigParser                       : loaded 2 times (x 68B)
Class com.squareup.javapoet.ArrayTypeName                                             : loaded 2 times (x 78B)
Class com.sun.xml.bind.v2.runtime.reflect.Accessor$1                                  : loaded 2 times (x 82B)
Class com.sun.xml.bind.v2.runtime.reflect.Lister                                      : loaded 2 times (x 73B)
Class com.sun.xml.bind.v2.model.core.NonElementRef                                    : loaded 2 times (x 67B)
Class com.sun.xml.bind.v2.model.annotation.XmlAttributeQuick                          : loaded 2 times (x 90B)
Class com.sun.xml.bind.v2.model.impl.RuntimeBuiltinLeafInfoImpl$24                    : loaded 2 times (x 134B)
Class com.sun.xml.bind.Util                                                           : loaded 2 times (x 68B)
Class com.sun.xml.bind.v2.runtime.property.SingleReferenceNodeProperty                : loaded 2 times (x 99B)
Class android.databinding.tool.store.ResourceBundle                                   : loaded 2 times (x 81B)
Class kotlin.collections.EmptyIterator                                                : loaded 2 times (x 86B)
Class kotlin.SynchronizedLazyImpl                                                     : loaded 2 times (x 73B)
Class com.google.gson.internal.bind.ReflectiveTypeAdapterFactory$RecordAdapter        : loaded 2 times (x 74B)
Class androidx.databinding.BindingMethods                                             : loaded 2 times (x 67B)
Class kotlin.text.StringsKt__RegexExtensionsKt                                        : loaded 2 times (x 68B)
Class com.sun.xml.bind.v2.runtime.unmarshaller.StructureLoader$1                      : loaded 2 times (x 68B)
Class com.google.common.reflect.Invokable$MethodInvokable                             : loaded 2 times (x 104B)
Class com.google.common.collect.MapMakerInternalMap$StrongKeyDummyValueEntry          : loaded 2 times (x 79B)
Class jdk.internal.jimage.ImageReader$Directory                                       : loaded 2 times (x 81B)
Class com.sun.xml.bind.v2.model.runtime.RuntimeNonElementRef                          : loaded 2 times (x 67B)
Class com.sun.xml.bind.v2.runtime.reflect.Accessor$FieldReflection                    : loaded 2 times (x 82B)
Class com.sun.xml.bind.v2.runtime.unmarshaller.Base64Data                             : loaded 2 times (x 86B)
Class com.sun.xml.bind.v2.runtime.output.XmlOutputAbstractImpl                        : loaded 2 times (x 93B)
Class com.google.gson.internal.reflect.ReflectionHelper$RecordNotSupportedHelper      : loaded 2 times (x 75B)
Class com.google.gson.internal.$Gson$Types                                            : loaded 2 times (x 68B)
Class com.google.gson.JsonIOException                                                 : loaded 2 times (x 79B)
Class androidx.databinding.InverseBindingAdapter                                      : loaded 2 times (x 67B)
Class kotlin.sequences.SequencesKt__SequencesJVMKt                                    : loaded 2 times (x 68B)
Class kotlin.collections.AbstractList                                                 : loaded 2 times (x 194B)
Class kotlin.collections.AbstractCollection                                           : loaded 2 times (x 114B)
Class kotlin.jvm.internal.PropertyReference1Impl                                      : loaded 2 times (x 124B)
Class com.google.common.collect.AbstractMapBasedMultimap$WrappedList                  : loaded 2 times (x 202B)
Class [Lorg.objectweb.asm.AnnotationWriter;                                           : loaded 2 times (x 66B)
Class kotlin.Triple                                                                   : loaded 2 times (x 69B)
Class kotlin.text.Regex                                                               : loaded 2 times (x 69B)
Class [Lcom.sun.xml.bind.v2.runtime.property.StructureLoaderBuilder;                  : loaded 2 times (x 66B)
Class com.sun.xml.bind.v2.model.impl.RuntimeBuiltinLeafInfoImpl$26                    : loaded 2 times (x 133B)
Class com.sun.xml.bind.v2.model.impl.RuntimeBuiltinLeafInfoImpl$10$1                  : loaded 2 times (x 353B)
Class com.sun.xml.bind.v2.runtime.BinderImpl                                          : loaded 2 times (x 83B)
Class com.sun.xml.bind.v2.model.core.TypeInfo                                         : loaded 2 times (x 67B)
Class org.apache.commons.io.filefilter.SuffixFileFilter                               : loaded 2 times (x 113B)
Class kotlin.LazyKt__LazyKt                                                           : loaded 2 times (x 68B)
Class kotlin.text.StringsKt__StringBuilderJVMKt                                       : loaded 2 times (x 68B)
Class com.android.tools.build.jetifier.core.PackageMap                                : loaded 2 times (x 69B)
Class [Lcom.google.common.collect.Iterators$EmptyModifiableIterator;                  : loaded 2 times (x 66B)
Class com.google.common.collect.ImmutableRangeSet$Builder                             : loaded 2 times (x 74B)
Class com.google.common.cache.LocalCache$StrongValueReference                         : loaded 2 times (x 87B)
Class com.google.common.util.concurrent.AbstractFuture$SynchronizedHelper             : loaded 2 times (x 75B)
Class com.google.common.base.CharMatcher$Invisible                                    : loaded 2 times (x 109B)
Class [Lcom.squareup.javapoet.LineWrapper$FlushType;                                  : loaded 2 times (x 66B)
Class kotlin.jvm.internal.ReflectionFactory                                           : loaded 2 times (x 88B)
Class com.sun.xml.bind.v2.runtime.unmarshaller.SAXConnector                           : loaded 2 times (x 98B)
Class [Lcom.sun.xml.bind.v2.model.annotation.Locatable;                               : loaded 2 times (x 66B)
Class com.sun.xml.bind.v2.model.impl.RuntimeBuiltinLeafInfoImpl$27                    : loaded 2 times (x 133B)
Class com.sun.xml.bind.v2.model.impl.ModelBuilder                                     : loaded 2 times (x 89B)
Class [Lcom.google.gson.stream.JsonToken;                                             : loaded 2 times (x 66B)
Class com.google.gson.LongSerializationPolicy$1                                       : loaded 2 times (x 77B)
Class kotlin.UNINITIALIZED_VALUE                                                      : loaded 2 times (x 68B)
Class com.google.common.graph.SuccessorsFunction                                      : loaded 2 times (x 67B)
Class org.objectweb.asm.Type                                                          : loaded 2 times (x 69B)
Class org.gradle.internal.classloader.VisitableURLClassLoader$InstrumentingVisitableURLClassLoader: loaded 2 times (x 120B)
Class android.databinding.internal.org.antlr.v4.runtime.tree.ParseTreeListener        : loaded 2 times (x 67B)
Class android.databinding.tool.processing.Scope$ScopeEntry                            : loaded 2 times (x 69B)
Class kotlin.collections.SetsKt___SetsKt                                              : loaded 2 times (x 68B)
Class android.databinding.tool.util.ParserHelper                                      : loaded 2 times (x 68B)
Class com.sun.xml.bind.v2.runtime.unmarshaller.UnmarshallerImpl                       : loaded 2 times (x 136B)
Class com.sun.xml.bind.v2.runtime.output.NamespaceContextImpl$1                       : loaded 2 times (x 72B)
Class com.sun.xml.bind.marshaller.DataWriter                                          : loaded 2 times (x 168B)
Class com.sun.xml.bind.v2.runtime.property.StructureLoaderBuilder                     : loaded 2 times (x 67B)
Class com.sun.xml.bind.v2.model.impl.RuntimeElementPropertyInfoImpl                   : loaded 2 times (x 136B)
Class com.sun.xml.bind.v2.model.impl.RuntimeBuiltinLeafInfoImpl$28                    : loaded 2 times (x 73B)
Class [Lcom.sun.xml.bind.v2.util.QNameMap$Entry;                                      : loaded 2 times (x 66B)
Class com.sun.xml.bind.unmarshaller.InfosetScanner                                    : loaded 2 times (x 67B)
Class kotlin.comparisons.ComparisonsKt__ComparisonsKt                                 : loaded 2 times (x 68B)
Class com.google.common.collect.Maps$FilteredEntryMap$EntrySet                        : loaded 2 times (x 149B)
Class org.apache.commons.io.file.Counters                                             : loaded 2 times (x 68B)
Class org.gradle.internal.classloader.ClassLoaderHierarchy                            : loaded 2 times (x 67B)
Class com.google.gson.LongSerializationPolicy$2                                       : loaded 2 times (x 77B)
Class android.databinding.tool.LibTypes$viewStubProxy$2                               : loaded 2 times (x 76B)
Class kotlin.ranges.RangesKt__RangesKt                                                : loaded 2 times (x 68B)
Class kotlin.sequences.SequencesKt__SequencesKt                                       : loaded 2 times (x 68B)
Class [Landroid.databinding.tool.CompilerArguments$Type;                              : loaded 2 times (x 66B)
Class com.google.common.collect.MapMakerInternalMap$StrongKeyDummyValueEntry$Helper   : loaded 2 times (x 76B)
Class com.google.common.io.Files$FileByteSink                                         : loaded 2 times (x 74B)
Class org.objectweb.asm.ByteVector                                                    : loaded 2 times (x 76B)
Class [Lcom.google.common.cache.CacheBuilder$NullListener;                            : loaded 2 times (x 66B)
Class com.google.common.math.IntMath$1                                                : loaded 2 times (x 68B)
Class org.gradle.internal.classloader.VisitableURLClassLoader$Spec                    : loaded 2 times (x 71B)
Class org.gradle.internal.classpath.DefaultClassPath                                  : loaded 2 times (x 87B)
Class com.squareup.javapoet.TypeSpec                                                  : loaded 2 times (x 69B)
Class com.sun.xml.bind.api.impl.NameConverter                                         : loaded 2 times (x 67B)
Class com.sun.xml.bind.v2.model.core.NonElement                                       : loaded 2 times (x 67B)
Class com.sun.xml.bind.v2.ContextFactory                                              : loaded 2 times (x 68B)
Class kotlin.comparisons.ComparisonsKt                                                : loaded 2 times (x 68B)
Class kotlin.comparisons.ComparisonsKt___ComparisonsKt                                : loaded 2 times (x 68B)
Class kotlin.sequences.FilteringSequence                                              : loaded 2 times (x 72B)
Class android.databinding.tool.LibTypes$dataBindingKtx$2                              : loaded 2 times (x 75B)
Class kotlin.text.CharsKt__CharJVMKt                                                  : loaded 2 times (x 68B)
Class com.google.common.reflect.Types$ClassOwnership                                  : loaded 2 times (x 77B)
Class org.objectweb.asm.Symbol                                                        : loaded 2 times (x 70B)
Class com.google.common.base.AbstractIterator                                         : loaded 2 times (x 77B)
Class com.squareup.javapoet.JavaFile                                                  : loaded 2 times (x 69B)
Class kotlin.reflect.KType                                                            : loaded 2 times (x 67B)
Class com.sun.xml.bind.v2.runtime.unmarshaller.UnmarshallingContext$DefaultRootLoader : loaded 2 times (x 77B)
Class com.sun.xml.bind.v2.runtime.reflect.PrimitiveArrayListerLong                    : loaded 2 times (x 73B)
Class com.sun.xml.bind.v2.model.core.ClassInfo                                        : loaded 2 times (x 67B)
Class com.google.common.collect.Sets$FilteredSet                                      : loaded 2 times (x 134B)
Class com.google.common.base.CharMatcher$IsEither                                     : loaded 2 times (x 108B)
Class com.google.gson.reflect.TypeToken                                               : loaded 2 times (x 72B)
Class [Lcom.google.common.base.AbstractIterator$State;                                : loaded 2 times (x 66B)
Class com.google.common.io.Closer                                                     : loaded 2 times (x 75B)
Class com.google.common.base.CharMatcher$BitSetMatcher                                : loaded 2 times (x 109B)
Class com.google.common.base.CharMatcher$Ascii                                        : loaded 2 times (x 109B)
Class org.gradle.internal.classloader.ClassLoaderSpec                                 : loaded 2 times (x 68B)
Class com.android.tools.build.jetifier.core.proguard.ProGuardType                     : loaded 2 times (x 69B)
Class com.sun.xml.bind.AccessorFactoryImpl                                            : loaded 2 times (x 78B)
Class com.sun.xml.bind.v2.model.core.MapPropertyInfo                                  : loaded 2 times (x 67B)
Class kotlin.collections.CollectionsKt___CollectionsJvmKt                             : loaded 2 times (x 68B)
Class com.google.gson.internal.sql.SqlTimestampTypeAdapter$1                          : loaded 2 times (x 72B)
Class com.google.gson.JsonPrimitive                                                   : loaded 2 times (x 90B)
Class kotlin.text.DelimitedRangesSequence                                             : loaded 2 times (x 72B)
Class net.rubygrapefruit.platform.internal.Platform$MacOs32Bit                        : loaded 2 times (x 79B)
Class net.rubygrapefruit.platform.internal.Platform$Linux64Bit                        : loaded 2 times (x 80B)
Class org.objectweb.asm.AnnotationWriter                                              : loaded 2 times (x 76B)
Class com.google.common.cache.CacheStats                                              : loaded 2 times (x 68B)
Class com.android.tools.build.jetifier.core.proguard.ProGuardTypesMap$expandedRules$2 : loaded 2 times (x 76B)
Class com.sun.xml.bind.DatatypeConverterImpl                                          : loaded 2 times (x 108B)
Class com.sun.xml.bind.v2.ClassFactory                                                : loaded 2 times (x 68B)
Class kotlin.Unit                                                                     : loaded 2 times (x 68B)
Class com.google.common.collect.ImmutableMultisetGwtSerializationDependencies         : loaded 2 times (x 122B)
Class [Lcom.google.gson.ReflectionAccessFilter$FilterResult;                          : loaded 2 times (x 66B)
Class com.google.gson.JsonElement                                                     : loaded 2 times (x 89B)
Class kotlin.TuplesKt                                                                 : loaded 2 times (x 68B)
Class kotlin.sequences.SequencesKt___SequencesJvmKt                                   : loaded 2 times (x 68B)
Class com.google.common.collect.Interners                                             : loaded 2 times (x 68B)
Class com.google.common.io.Closer$Suppressor                                          : loaded 2 times (x 67B)
Class com.google.common.io.LineProcessor                                              : loaded 2 times (x 67B)
Class org.objectweb.asm.RecordComponentWriter                                         : loaded 2 times (x 75B)
Class com.google.common.util.concurrent.AbstractFuture$Listener                       : loaded 2 times (x 69B)
Class com.google.common.base.CharMatcher$Or                                           : loaded 2 times (x 109B)
Class Settings_gradle$1$1                                                             : loaded 2 times (x 71B)
Class com.android.tools.build.jetifier.core.pom.PomRewriteRule$Companion              : loaded 2 times (x 68B)
Class com.sun.xml.bind.v2.runtime.reflect.ListIterator                                : loaded 2 times (x 67B)
Class javax.xml.bind.annotation.XmlElementRefs                                        : loaded 2 times (x 67B)
Class com.sun.xml.bind.v2.model.runtime.RuntimeElement                                : loaded 2 times (x 67B)
Class com.google.common.collect.ForwardingSet                                         : loaded 2 times (x 148B)
Class kotlin.io.FileTreeWalk$DirectoryState                                           : loaded 2 times (x 70B)
Class com.google.gson.internal.bind.CollectionTypeAdapterFactory                      : loaded 2 times (x 72B)
Class kotlin.ranges.RangesKt                                                          : loaded 2 times (x 68B)
Class org.objectweb.asm.Attribute                                                     : loaded 2 times (x 74B)
Class com.google.common.base.Supplier                                                 : loaded 2 times (x 67B)
Class org.gradle.internal.classloader.VisitableURLClassLoader                         : loaded 2 times (x 114B)
Class com.sun.xml.bind.v2.runtime.unmarshaller.Scope                                  : loaded 2 times (x 69B)
Class javax.xml.bind.helpers.DefaultValidationEventHandler                            : loaded 2 times (x 72B)
Class android.databinding.tool.store.ResourceBundle$VariableDeclaration               : loaded 2 times (x 69B)
Class javax.xml.bind.annotation.XmlElement$DEFAULT                                    : loaded 2 times (x 68B)
Class com.sun.xml.bind.v2.runtime.InternalBridge                                      : loaded 2 times (x 84B)
Class kotlin.collections.ArraysUtilJVM                                                : loaded 2 times (x 68B)
Class com.google.common.io.FileWriteMode                                              : loaded 2 times (x 76B)
Class android.databinding.tool.store.ResourceBundle$ValidateAndFilterCallback         : loaded 2 times (x 67B)
Class kotlin.jvm.functions.Function0                                                  : loaded 2 times (x 67B)
Class net.rubygrapefruit.platform.internal.FunctionResult$Failure                     : loaded 2 times (x 76B)
Class net.rubygrapefruit.platform.internal.NativeLibraryLoader                        : loaded 2 times (x 70B)
Class com.google.common.collect.ImmutableList$SerializedForm                          : loaded 2 times (x 70B)
Class com.google.common.util.concurrent.AbstractFuture$Waiter                         : loaded 2 times (x 69B)
Class Settings_gradle                                                                 : loaded 2 times (x 125B)
Class org.gradle.internal.Cast                                                        : loaded 2 times (x 68B)
Class org.gradle.api.Action                                                           : loaded 2 times (x 67B)
Class com.squareup.javapoet.LineWrapper$FlushType                                     : loaded 2 times (x 76B)
Class com.squareup.javapoet.FieldSpec                                                 : loaded 2 times (x 69B)
Class [Lcom.google.common.collect.MapMakerInternalMap$Segment;                        : loaded 2 times (x 66B)
Class com.sun.xml.bind.v2.runtime.unmarshaller.LocatorEx                              : loaded 2 times (x 67B)
Class com.sun.xml.bind.v2.model.core.ElementPropertyInfo                              : loaded 2 times (x 67B)
Class com.sun.xml.bind.v2.model.impl.RuntimeElementInfoImpl                           : loaded 2 times (x 116B)
Class com.google.gson.internal.bind.TreeTypeAdapter                                   : loaded 2 times (x 72B)
Class com.google.gson.internal.sql.SqlTimeTypeAdapter                                 : loaded 2 times (x 71B)
Class kotlin.jvm.functions.Function1                                                  : loaded 2 times (x 67B)
Class com.google.common.cache.LocalCache$ValueIterator                                : loaded 2 times (x 83B)
Class com.google.common.collect.MapMakerInternalMap                                   : loaded 2 times (x 158B)
Class org.objectweb.asm.Handler                                                       : loaded 2 times (x 69B)
Class com.google.common.base.Ticker                                                   : loaded 2 times (x 69B)
Class com.google.common.base.CharMatcher$FastMatcher                                  : loaded 2 times (x 108B)
Class org.gradle.internal.agents.InstrumentingClassLoader                             : loaded 2 times (x 67B)
Class com.google.gson.internal.LinkedTreeMap$EntrySet                                 : loaded 2 times (x 133B)
Class [Landroid.databinding.tool.processing.scopes.ScopeProvider;                     : loaded 2 times (x 66B)
Class com.sun.xml.bind.v2.runtime.unmarshaller.StructureLoader                        : loaded 2 times (x 75B)
Class com.sun.xml.bind.v2.runtime.reflect.Accessor$SetterOnlyReflection               : loaded 2 times (x 82B)
Class com.sun.xml.bind.v2.model.impl.ElementPropertyInfoImpl                          : loaded 2 times (x 120B)
Class com.sun.xml.bind.v2.model.impl.TypeInfoSetImpl$1                                : loaded 2 times (x 77B)
Class com.sun.xml.bind.v2.model.runtime.RuntimeArrayInfo                              : loaded 2 times (x 67B)
Class net.rubygrapefruit.platform.internal.Platform$FreeBSD64Bit                      : loaded 2 times (x 79B)
Class com.google.gson.internal.bind.TypeAdapters$20                                   : loaded 2 times (x 72B)
Class kotlin.jvm.functions.Function2                                                  : loaded 2 times (x 67B)
Class kotlin.sequences.SequencesKt__SequenceBuilderKt                                 : loaded 2 times (x 68B)
Class com.google.common.cache.RemovalCause$1                                          : loaded 2 times (x 77B)
Class [Lcom.google.common.cache.LocalCache$Segment;                                   : loaded 2 times (x 66B)
Class [Lcom.google.common.cache.LocalCache$Strength;                                  : loaded 2 times (x 66B)
Class com.google.common.cache.CacheBuilder$1                                          : loaded 2 times (x 82B)
Class org.gradle.internal.classpath.DefaultClassPath$ImmutableUniqueList$Builder      : loaded 2 times (x 72B)
Class com.android.tools.build.jetifier.core.pom.PomRewriteRule                        : loaded 2 times (x 69B)
Class com.sun.xml.bind.v2.runtime.unmarshaller.Intercepter                            : loaded 2 times (x 67B)
Class android.databinding.internal.org.antlr.v4.runtime.tree.Tree                     : loaded 2 times (x 67B)
Class [Ljavax.xml.bind.annotation.XmlAccessOrder;                                     : loaded 2 times (x 66B)
Class javax.xml.bind.annotation.adapters.XmlJavaTypeAdapters                          : loaded 2 times (x 67B)
Class com.google.gson.stream.JsonToken                                                : loaded 2 times (x 76B)
Class kotlin.io.FileTreeWalk$WalkState                                                : loaded 2 times (x 70B)
Class com.google.gson.internal.bind.TypeAdapters$21                                   : loaded 2 times (x 72B)
Class com.google.gson.FieldNamingPolicy$1                                             : loaded 2 times (x 80B)
Class kotlin.collections.MapsKt___MapsJvmKt                                           : loaded 2 times (x 68B)
Class com.google.common.cache.RemovalCause$2                                          : loaded 2 times (x 77B)
Class com.google.common.collect.MapMakerInternalMap$WeakValueReference                : loaded 2 times (x 67B)
Class com.google.common.collect.AbstractRangeSet                                      : loaded 2 times (x 111B)
Class com.google.common.cache.LocalCache                                              : loaded 2 times (x 184B)
Class com.google.common.cache.CacheBuilder$2                                          : loaded 2 times (x 69B)
Class com.google.common.base.CharMatcher$NegatedFastMatcher                           : loaded 2 times (x 110B)
Class kotlin.collections.EmptySet                                                     : loaded 2 times (x 119B)
Class com.android.tools.build.jetifier.core.utils.Log                                 : loaded 2 times (x 68B)
Class [Lcom.sun.xml.bind.v2.runtime.property.PropertyImpl;                            : loaded 2 times (x 66B)
Class com.sun.xml.bind.v2.model.impl.RuntimeEnumLeafInfoImpl                          : loaded 2 times (x 146B)
Class javax.xml.bind.JAXBIntrospector                                                 : loaded 2 times (x 70B)
Class android.databinding.tool.store.GenClassInfoLog$GenClass                         : loaded 2 times (x 69B)
Class android.databinding.tool.LibTypes$stateFlow$2                                   : loaded 2 times (x 75B)
Class kotlin.io.FilesKt__FileTreeWalkKt                                               : loaded 2 times (x 68B)
Class kotlin.annotation.Target                                                        : loaded 2 times (x 67B)
Class kotlin.collections.CollectionsKt___CollectionsKt                                : loaded 2 times (x 68B)
Class kotlin.collections.State                                                        : loaded 2 times (x 76B)
Class com.google.gson.internal.bind.TypeAdapters$22                                   : loaded 2 times (x 72B)
Class com.google.gson.TypeAdapter$1                                                   : loaded 2 times (x 71B)
Class com.google.gson.FieldNamingPolicy$2                                             : loaded 2 times (x 80B)
Class com.google.gson.internal.Excluder$1                                             : loaded 2 times (x 71B)
Class android.databinding.tool.LibTypes$dataBindingUtil$2                             : loaded 2 times (x 76B)
Class android.databinding.tool.LibTypes$mutableStateFlow$2                            : loaded 2 times (x 75B)
Class com.google.common.cache.RemovalCause$3                                          : loaded 2 times (x 77B)
Class com.google.common.collect.ArrayListMultimap                                     : loaded 2 times (x 169B)
Class com.google.common.base.AbstractIterator$1                                       : loaded 2 times (x 68B)
Class com.google.common.base.CharMatcher$Digit                                        : loaded 2 times (x 109B)
Class org.gradle.api.GradleException                                                  : loaded 2 times (x 79B)
Class jdk.internal.jimage.ImageStrings                                                : loaded 2 times (x 67B)
Class kotlin.reflect.KDeclarationContainer                                            : loaded 2 times (x 67B)
Class javax.xml.bind.helpers.AbstractMarshallerImpl                                   : loaded 2 times (x 122B)
Class com.sun.xml.bind.v2.runtime.reflect.Accessor$ReadOnlyFieldReflection            : loaded 2 times (x 82B)
Class com.sun.xml.bind.v2.model.core.AttributePropertyInfo                            : loaded 2 times (x 67B)
Class com.sun.xml.bind.v2.model.impl.RuntimeReferencePropertyInfoImpl                 : loaded 2 times (x 138B)
Class javax.xml.bind.Binder                                                           : loaded 2 times (x 82B)
Class javax.xml.bind.JAXBContext                                                      : loaded 2 times (x 75B)
Class kotlin.sequences.FilteringSequence$iterator$1                                   : loaded 2 times (x 76B)
Class kotlin.collections.CollectionsKt__ReversedViewsKt                               : loaded 2 times (x 68B)
Class kotlin.annotation.Retention                                                     : loaded 2 times (x 67B)
Class com.google.gson.internal.bind.TypeAdapters$23                                   : loaded 2 times (x 72B)
Class com.google.gson.FieldNamingPolicy$3                                             : loaded 2 times (x 80B)
Class kotlin.text.StringsKt___StringsJvmKt                                            : loaded 2 times (x 68B)
Class com.google.common.cache.RemovalCause$4                                          : loaded 2 times (x 77B)
Class com.google.common.base.CharMatcher$JavaIsoControl                               : loaded 2 times (x 109B)
Class com.sun.xml.bind.v2.runtime.reflect.PrimitiveArrayListerBoolean                 : loaded 2 times (x 73B)
Class com.sun.xml.bind.v2.runtime.property.Property                                   : loaded 2 times (x 67B)
Class com.sun.xml.bind.v2.model.impl.ClassInfoImpl$1                                  : loaded 2 times (x 68B)
Class com.sun.xml.bind.v2.runtime.reflect.Accessor$GetterOnlyReflection               : loaded 2 times (x 82B)
Class javax.xml.bind.annotation.XmlMixed                                              : loaded 2 times (x 67B)
Class com.sun.xml.bind.v2.model.nav.ReflectionNavigator                               : loaded 2 times (x 120B)
Class com.sun.xml.bind.v2.model.annotation.AnnotationReader                           : loaded 2 times (x 67B)
Class com.google.common.collect.Maps$AbstractFilteredMap                              : loaded 2 times (x 124B)
Class org.apache.commons.io.file.Counters$NoopPathCounters                            : loaded 2 times (x 79B)
Class kotlin.io.FilesKt                                                               : loaded 2 times (x 68B)
Class com.google.gson.internal.bind.TypeAdapters$34$1                                 : loaded 2 times (x 71B)
Class com.google.gson.internal.bind.TypeAdapters$24                                   : loaded 2 times (x 72B)
Class com.google.gson.FieldNamingPolicy$4                                             : loaded 2 times (x 80B)
Class android.databinding.tool.LibTypes$bindable$2                                    : loaded 2 times (x 76B)
Class kotlin.collections.MapsKt___MapsKt                                              : loaded 2 times (x 68B)
Class kotlin.collections.ArraysKt___ArraysKt                                          : loaded 2 times (x 68B)
Class com.sun.xml.bind.v2.model.impl.ArrayInfoImpl                                    : loaded 2 times (x 95B)
Class com.google.common.cache.RemovalCause$5                                          : loaded 2 times (x 77B)
Class [Lcom.google.common.collect.MapMakerInternalMap$Strength;                       : loaded 2 times (x 66B)
Class [Lcom.google.common.io.FileWriteMode;                                           : loaded 2 times (x 66B)
Class com.google.common.base.CharMatcher$JavaLowerCase                                : loaded 2 times (x 108B)
Class com.google.gson.internal.LinkedTreeMap$EntrySet$1                               : loaded 2 times (x 78B)
Class javax.xml.bind.annotation.XmlInlineBinaryData                                   : loaded 2 times (x 67B)
Class com.sun.xml.bind.v2.runtime.Location                                            : loaded 2 times (x 67B)
Class com.google.gson.internal.bind.TypeAdapters$25                                   : loaded 2 times (x 72B)
Class com.google.gson.FieldNamingPolicy$5                                             : loaded 2 times (x 80B)
Class kotlin.collections.MapsKt__MapWithDefaultKt                                     : loaded 2 times (x 68B)
Class net.rubygrapefruit.platform.internal.NativeLibraryLocator                       : loaded 2 times (x 70B)
Class net.rubygrapefruit.platform.Process                                             : loaded 2 times (x 67B)
Class com.google.common.collect.Iterables$4                                           : loaded 2 times (x 78B)
Class com.google.common.collect.MapMakerInternalMap$StrongKeyDummyValueSegment        : loaded 2 times (x 139B)
Class com.google.common.cache.LocalCache$WriteThroughEntry                            : loaded 2 times (x 76B)
Class com.google.common.cache.LocalCache$HashIterator                                 : loaded 2 times (x 83B)
Class com.google.common.io.Files                                                      : loaded 2 times (x 68B)
Class com.google.common.cache.LocalCache$EntryFactory                                 : loaded 2 times (x 80B)
Class com.squareup.javapoet.Util                                                      : loaded 2 times (x 68B)
Class com.sun.xml.bind.v2.runtime.JaxBeanInfo$1                                       : loaded 2 times (x 74B)
Class javax.xml.bind.ValidationEvent                                                  : loaded 2 times (x 67B)
Class com.sun.xml.bind.v2.model.impl.Utils                                            : loaded 2 times (x 68B)
Class kotlin.collections.CollectionsKt__MutableCollectionsJVMKt                       : loaded 2 times (x 68B)
Class com.google.gson.internal.bind.ArrayTypeAdapter                                  : loaded 2 times (x 71B)
Class com.google.gson.internal.bind.TypeAdapters$26                                   : loaded 2 times (x 72B)
Class com.google.gson.FieldNamingPolicy$6                                             : loaded 2 times (x 80B)
Class kotlin.enums.EnumEntriesKt                                                      : loaded 2 times (x 68B)
Class kotlin.text.StringsKt___StringsKt                                               : loaded 2 times (x 68B)
Class com.google.common.reflect.Types$NativeTypeVariableEquals                        : loaded 2 times (x 68B)
Class com.google.common.reflect.TypeParameter                                         : loaded 2 times (x 69B)
Class [Lcom.google.common.collect.MapMaker$Dummy;                                     : loaded 2 times (x 66B)
Class com.google.common.cache.LocalCache$AbstractReferenceEntry                       : loaded 2 times (x 104B)
Class com.google.common.base.Splitter$1$1                                             : loaded 2 times (x 83B)
Class com.google.common.base.CharMatcher$Whitespace                                   : loaded 2 times (x 109B)
Class org.gradle.internal.IoActions                                                   : loaded 2 times (x 68B)
Class [Lkotlin.reflect.KClassifier;                                                   : loaded 2 times (x 66B)
Class com.sun.xml.bind.v2.runtime.MarshallerImpl                                      : loaded 2 times (x 125B)
Class com.sun.xml.bind.v2.runtime.property.ArrayERProperty$ReceiverImpl               : loaded 2 times (x 72B)
Class com.sun.xml.bind.v2.runtime.reflect.Utils$1                                     : loaded 2 times (x 74B)
Class [Ljavax.xml.bind.annotation.XmlElement;                                         : loaded 2 times (x 66B)
Class javax.xml.bind.annotation.XmlType                                               : loaded 2 times (x 67B)
Class com.sun.xml.bind.v2.model.annotation.XmlEnumQuick                               : loaded 2 times (x 88B)
Class javax.xml.bind.annotation.XmlAccessType                                         : loaded 2 times (x 76B)
Class com.sun.xml.bind.v2.model.annotation.RuntimeInlineAnnotationReader              : loaded 2 times (x 103B)
Class org.apache.commons.io.filefilter.TrueFileFilter                                 : loaded 2 times (x 91B)
Class com.google.gson.internal.reflect.ReflectionHelper                               : loaded 2 times (x 68B)
Class com.google.gson.internal.bind.TypeAdapters$27                                   : loaded 2 times (x 72B)
Class com.google.gson.FieldNamingPolicy$7                                             : loaded 2 times (x 80B)
Class androidx.databinding.Untaggable                                                 : loaded 2 times (x 67B)
Class [Lkotlin.LazyThreadSafetyMode;                                                  : loaded 2 times (x 66B)
Class com.google.common.collect.ImmutableMapKeySet                                    : loaded 2 times (x 147B)
Class com.google.common.collect.ImmutableRangeSet$ComplementRanges                    : loaded 2 times (x 204B)
Class org.objectweb.asm.SymbolTable                                                   : loaded 2 times (x 69B)
Class com.google.common.cache.CacheLoader$InvalidCacheLoadException                   : loaded 2 times (x 79B)
Class com.google.common.collect.ImmutableSet$RegularSetBuilderImpl                    : loaded 2 times (x 74B)
Class com.google.common.base.CharMatcher$SingleWidth                                  : loaded 2 times (x 109B)
Class org.gradle.internal.classloader.SystemClassLoaderSpec                           : loaded 2 times (x 68B)
Class kotlin.collections.EmptyMap                                                     : loaded 2 times (x 106B)
Class kotlin.reflect.KAnnotatedElement                                                : loaded 2 times (x 67B)
Class android.databinding.internal.org.antlr.v4.runtime.tree.ParseTreeVisitor         : loaded 2 times (x 67B)
Class com.sun.xml.bind.v2.runtime.reflect.PrimitiveArrayListerFloat                   : loaded 2 times (x 73B)
Class com.sun.xml.bind.v2.util.FlattenIterator                                        : loaded 2 times (x 76B)
Class com.sun.xml.bind.v2.model.runtime.RuntimePropertyInfo                           : loaded 2 times (x 67B)
Class com.sun.xml.bind.v2.model.annotation.XmlElementRefsQuick                        : loaded 2 times (x 88B)
Class javax.xml.bind.annotation.XmlElementRef                                         : loaded 2 times (x 67B)
Class com.google.gson.internal.bind.TypeAdapters$EnumTypeAdapter                      : loaded 2 times (x 71B)
Class com.google.gson.internal.bind.TypeAdapters$28                                   : loaded 2 times (x 72B)
Class [Lcom.google.gson.LongSerializationPolicy;                                      : loaded 2 times (x 66B)
Class kotlin.ranges.IntRange$Companion                                                : loaded 2 times (x 68B)
Class kotlin.jvm.internal.Intrinsics                                                  : loaded 2 times (x 68B)
Class com.google.common.collect.FluentIterable                                        : loaded 2 times (x 78B)
Class com.google.common.cache.LocalCache$StrongEntry                                  : loaded 2 times (x 105B)
Class com.google.common.util.concurrent.AbstractFuture$TrustedFuture                  : loaded 2 times (x 111B)
Class com.google.common.cache.LoadingCache                                            : loaded 2 times (x 67B)
Class jdk.internal.jrtfs.JrtFileSystem                                                : loaded 2 times (x 99B)
Class javax.xml.bind.annotation.W3CDomHandler                                         : loaded 2 times (x 82B)
Class com.sun.xml.bind.v2.runtime.reflect.TransducedAccessor$IDREFTransducedAccessorImpl: loaded 2 times (x 77B)
Class com.sun.xml.bind.v2.runtime.unmarshaller.WildcardLoader                         : loaded 2 times (x 76B)
Class com.sun.xml.bind.v2.runtime.unmarshaller.XsiTypeLoader                          : loaded 2 times (x 75B)
Class com.sun.xml.bind.v2.runtime.reflect.AdaptedAccessor                             : loaded 2 times (x 82B)
Class com.sun.xml.bind.v2.model.impl.LeafInfoImpl                                     : loaded 2 times (x 99B)
Class com.google.gson.internal.Streams$AppendableWriter                               : loaded 2 times (x 96B)
Class com.sun.xml.bind.v2.model.impl.ModelBuilder$1                                   : loaded 2 times (x 73B)
Class kotlin.collections.CollectionsKt__IterablesKt                                   : loaded 2 times (x 68B)
Class kotlin.io.FileTreeWalk$FileTreeWalkIterator$TopDownDirectoryState               : loaded 2 times (x 71B)
Class com.google.gson.internal.bind.MapTypeAdapterFactory                             : loaded 2 times (x 72B)
Class com.google.gson.internal.bind.TypeAdapters$29                                   : loaded 2 times (x 72B)
Class com.google.gson.JsonNull                                                        : loaded 2 times (x 89B)
Class kotlin.collections.MapsKt                                                       : loaded 2 times (x 68B)
Class net.rubygrapefruit.platform.ProcessLauncher                                     : loaded 2 times (x 67B)
Class org.objectweb.asm.MethodWriter                                                  : loaded 2 times (x 103B)
Class [Lcom.google.common.cache.Weigher;                                              : loaded 2 times (x 66B)
Class android.databinding.internal.org.antlr.v4.runtime.tree.AbstractParseTreeVisitor : loaded 2 times (x 81B)
Class javax.xml.bind.ValidationEventLocator                                           : loaded 2 times (x 67B)
Class com.sun.xml.bind.v2.runtime.ElementBeanInfoImpl$IntercepterLoader               : loaded 2 times (x 78B)
Class com.sun.xml.bind.v2.model.annotation.XmlElementDeclQuick                        : loaded 2 times (x 93B)
Class com.google.common.collect.ImmutableMultimap$1                                   : loaded 2 times (x 79B)
Class kotlin.text.Charsets                                                            : loaded 2 times (x 68B)
Class android.databinding.tool.LibTypes$propertyChangedInverseListener$2              : loaded 2 times (x 76B)
Class android.databinding.tool.LibTypes$inverseBindingListener$2                      : loaded 2 times (x 76B)
Class kotlin.ranges.OpenEndRange                                                      : loaded 2 times (x 67B)
Class kotlin.KotlinNullPointerException                                               : loaded 2 times (x 80B)
Class com.google.common.collect.AbstractMapBasedMultimap$RandomAccessWrappedList      : loaded 2 times (x 202B)
Class com.sun.xml.bind.v2.runtime.property.SingleMapNodeProperty$1                    : loaded 2 times (x 75B)
Class javax.xml.bind.annotation.XmlList                                               : loaded 2 times (x 67B)
Class com.sun.xml.bind.v2.model.core.EnumLeafInfo                                     : loaded 2 times (x 67B)
Class com.sun.xml.bind.v2.runtime.property.Utils                                      : loaded 2 times (x 68B)
Class android.databinding.tool.processing.Scope                                       : loaded 2 times (x 68B)
Class com.google.common.collect.ImmutableMultimap$2                                   : loaded 2 times (x 78B)
Class com.google.gson.internal.bind.DefaultDateTypeAdapter$DateType$1                 : loaded 2 times (x 70B)
Class android.databinding.tool.LibTypes$liveData$2                                    : loaded 2 times (x 76B)
Class kotlin.ranges.RangesKt___RangesKt                                               : loaded 2 times (x 68B)
Class com.google.common.reflect.Types$JavaVersion$1                                   : loaded 2 times (x 80B)
Class com.google.common.cache.LocalCache$ValueReference                               : loaded 2 times (x 67B)
Class com.google.common.base.CharMatcher$Negated                                      : loaded 2 times (x 110B)
Class com.google.common.base.CharMatcher$Is                                           : loaded 2 times (x 108B)
Class android.databinding.tool.ext.ExtKt                                              : loaded 2 times (x 68B)
Class kotlin.jvm.internal.CollectionToArray                                           : loaded 2 times (x 68B)
Class javax.xml.bind.helpers.AbstractUnmarshallerImpl                                 : loaded 2 times (x 127B)
Class com.sun.xml.bind.v2.runtime.property.SingleMapNodeProperty$2                    : loaded 2 times (x 75B)
Class com.sun.xml.bind.v2.model.core.ValuePropertyInfo                                : loaded 2 times (x 67B)
Class com.sun.xml.bind.v2.runtime.RuntimeUtil                                         : loaded 2 times (x 68B)
Class com.google.gson.internal.Streams                                                : loaded 2 times (x 68B)
Class jdk.internal.jimage.BasicImageReader                                            : loaded 2 times (x 92B)
Class org.gradle.internal.classloader.FilteringClassLoader                            : loaded 2 times (x 102B)
Class com.google.gson.internal.LazilyParsedNumber                                     : loaded 2 times (x 75B)
Class kotlin.collections.ArraysKt                                                     : loaded 2 times (x 68B)
Class kotlin.text.CharsKt__CharKt                                                     : loaded 2 times (x 68B)
Class com.google.common.reflect.Types$JavaVersion$2                                   : loaded 2 times (x 80B)
Class com.google.common.reflect.Types                                                 : loaded 2 times (x 68B)
Class com.google.common.util.concurrent.AbstractFuture$Failure                        : loaded 2 times (x 69B)
Class com.google.common.base.Equivalence$Equals                                       : loaded 2 times (x 79B)
Class [Lcom.squareup.javapoet.TypeSpec$Kind;                                          : loaded 2 times (x 66B)
Class kotlin.collections.SetsKt__SetsKt                                               : loaded 2 times (x 68B)
Class com.sun.xml.bind.v2.runtime.unmarshaller.ChildLoader                            : loaded 2 times (x 69B)
Class javax.xml.bind.annotation.XmlSchemaTypes                                        : loaded 2 times (x 67B)
Class javax.xml.bind.annotation.XmlIDREF                                              : loaded 2 times (x 67B)
Class javax.xml.bind.annotation.XmlElement                                            : loaded 2 times (x 67B)
Class com.sun.xml.bind.v2.model.runtime.RuntimeLeafInfo                               : loaded 2 times (x 67B)
Class com.google.common.base.Equivalence$Identity                                     : loaded 2 times (x 79B)
Class com.google.common.base.PairwiseEquivalence                                      : loaded 2 times (x 80B)
Class kotlin.text.StringsKt__StringsKt                                                : loaded 2 times (x 68B)
Class com.google.gson.stream.JsonReader                                               : loaded 2 times (x 94B)
Class kotlin.LazyKt                                                                   : loaded 2 times (x 68B)
Class com.google.common.reflect.Types$JavaVersion$3                                   : loaded 2 times (x 80B)
Class com.google.common.collect.ImmutableSetMultimap                                  : loaded 2 times (x 177B)
Class com.google.common.io.CharSink                                                   : loaded 2 times (x 76B)
Class org.objectweb.asm.Label                                                         : loaded 2 times (x 70B)
Class org.objectweb.asm.CurrentFrame                                                  : loaded 2 times (x 70B)
Class org.objectweb.asm.ClassTooLargeException                                        : loaded 2 times (x 80B)
Class com.google.common.base.CharMatcher                                              : loaded 2 times (x 108B)
Class com.sun.xml.bind.v2.runtime.property.TagAndType                                 : loaded 2 times (x 69B)
Class javax.xml.bind.annotation.XmlSchema                                             : loaded 2 times (x 67B)
Class kotlin.NotImplementedError                                                      : loaded 2 times (x 79B)
Class com.google.gson.internal.reflect.ReflectionHelper$RecordSupportedHelper         : loaded 2 times (x 75B)
Class androidx.databinding.BindingConversion                                          : loaded 2 times (x 67B)
Class androidx.databinding.Bindable                                                   : loaded 2 times (x 67B)
Class kotlin.collections.ArraysKt__ArraysJVMKt                                        : loaded 2 times (x 68B)
Class com.google.common.reflect.Types$JavaVersion$4                                   : loaded 2 times (x 80B)
Class com.google.common.collect.MapMakerInternalMap$InternalEntryHelper               : loaded 2 times (x 67B)
Class com.google.common.collect.Maps$IteratorBasedAbstractMap                         : loaded 2 times (x 122B)
Class com.google.common.collect.RangeGwtSerializationDependencies                     : loaded 2 times (x 68B)
Class com.google.common.collect.Table                                                 : loaded 2 times (x 67B)
Class org.objectweb.asm.Frame                                                         : loaded 2 times (x 70B)
Class org.objectweb.asm.MethodVisitor                                                 : loaded 2 times (x 102B)
Class com.google.common.cache.LocalCache$EntryFactory$1                               : loaded 2 times (x 80B)
Class [Lcom.google.common.cache.RemovalListener;                                      : loaded 2 times (x 66B)
Class com.google.common.base.CharMatcher$1                                            : loaded 2 times (x 110B)
Class com.google.common.base.CharMatcher$NamedFastMatcher                             : loaded 2 times (x 109B)
Class kotlin.jvm.internal.CallableReference$NoReceiver                                : loaded 2 times (x 68B)
Class com.sun.istack.SAXParseException2                                               : loaded 2 times (x 85B)
Class com.sun.xml.bind.v2.runtime.output.NamespaceContextImpl                         : loaded 2 times (x 78B)
Class com.sun.xml.bind.marshaller.CharacterEscapeHandler                              : loaded 2 times (x 67B)
Class com.sun.xml.bind.v2.runtime.unmarshaller.DomLoader                              : loaded 2 times (x 75B)
Class android.databinding.tool.util.RelativizableFile                                 : loaded 2 times (x 69B)
Class com.sun.xml.bind.v2.runtime.ValueListBeanInfoImpl                               : loaded 2 times (x 86B)
Class com.google.gson.internal.bind.JsonAdapterAnnotationTypeAdapterFactory           : loaded 2 times (x 72B)
Class android.databinding.tool.LibTypes$viewDataBinding$2                             : loaded 2 times (x 76B)
Class kotlin.text.StringsKt__StringBuilderKt                                          : loaded 2 times (x 68B)
Class com.google.common.reflect.Types$JavaVersion$5                                   : loaded 2 times (x 68B)
Class [Lcom.google.common.reflect.Types$ClassOwnership;                               : loaded 2 times (x 66B)
Class com.google.common.collect.RangeSet                                              : loaded 2 times (x 67B)
Class com.google.common.cache.LocalCache$EntryFactory$2                               : loaded 2 times (x 80B)
Class [Lcom.android.tools.build.jetifier.core.utils.LogLevel;                         : loaded 2 times (x 66B)
Class com.android.tools.build.jetifier.core.utils.LogLevel                            : loaded 2 times (x 76B)
Class com.sun.xml.bind.v2.runtime.NamespaceContext2                                   : loaded 2 times (x 67B)
Class com.sun.xml.bind.v2.runtime.reflect.TransducedAccessor$CompositeTransducedAccessorImpl: loaded 2 times (x 76B)
Class com.sun.xml.bind.v2.runtime.unmarshaller.XsiNilLoader$Single                    : loaded 2 times (x 77B)
Class android.databinding.tool.store.ResourceBundle$BindingTargetBundle               : loaded 2 times (x 92B)
Class javax.xml.bind.annotation.XmlSchemaType                                         : loaded 2 times (x 67B)
Class com.sun.xml.bind.v2.model.impl.RuntimeBuiltinLeafInfoImpl                       : loaded 2 times (x 130B)
Class com.sun.xml.bind.v2.model.impl.BuiltinLeafInfoImpl                              : loaded 2 times (x 102B)
Class android.databinding.tool.processing.ScopedException                             : loaded 2 times (x 83B)
Class com.google.gson.internal.$Gson$Types$ParameterizedTypeImpl                      : loaded 2 times (x 78B)
Class com.google.gson.internal.bind.NumberTypeAdapter                                 : loaded 2 times (x 71B)
Class android.databinding.tool.LibTypes$observable$2                                  : loaded 2 times (x 76B)
Class kotlin.Lazy                                                                     : loaded 2 times (x 67B)
Class kotlin.NoWhenBranchMatchedException                                             : loaded 2 times (x 79B)
Class com.google.gson.internal.bind.ObjectTypeAdapter$1                               : loaded 2 times (x 73B)
Class com.google.common.collect.CollectCollectors                                     : loaded 2 times (x 68B)
Class org.objectweb.asm.ModuleWriter                                                  : loaded 2 times (x 79B)
Class com.google.common.cache.LocalCache$EntryFactory$3                               : loaded 2 times (x 80B)
Class com.google.common.base.Ticker$1                                                 : loaded 2 times (x 69B)
Class com.sun.xml.bind.v2.runtime.NameList                                            : loaded 2 times (x 69B)
Class com.sun.xml.bind.v2.runtime.reflect.TransducedAccessor                          : loaded 2 times (x 75B)
Class com.sun.xml.bind.v2.model.impl.RuntimeClassInfoImpl$RuntimePropertySeed         : loaded 2 times (x 81B)
Class javax.xml.bind.annotation.XmlAttachmentRef                                      : loaded 2 times (x 67B)
Class com.google.gson.ToNumberPolicy$1                                                : loaded 2 times (x 80B)
Class [Lcom.google.gson.FieldNamingStrategy;                                          : loaded 2 times (x 66B)
Class com.google.gson.internal.Excluder                                               : loaded 2 times (x 72B)
Class androidx.databinding.BindingAdapter                                             : loaded 2 times (x 67B)
Class net.rubygrapefruit.platform.internal.Platform$MacOs                             : loaded 2 times (x 79B)
Class net.rubygrapefruit.platform.internal.Platform$Window64Bit                       : loaded 2 times (x 76B)
Class com.google.common.collect.SetMultimap                                           : loaded 2 times (x 67B)
Class com.google.common.cache.LocalCache$EntryFactory$4                               : loaded 2 times (x 80B)
Class com.google.common.collect.ImmutableSet$Builder                                  : loaded 2 times (x 82B)
Class com.google.common.base.CharMatcher$InRange                                      : loaded 2 times (x 108B)
Class com.squareup.javapoet.AnnotationSpec                                            : loaded 2 times (x 69B)
Class com.squareup.javapoet.CodeBlock                                                 : loaded 2 times (x 69B)
Class com.android.tools.build.jetifier.core.type.TypesMap$JsonData                    : loaded 2 times (x 69B)
Class com.sun.xml.bind.v2.runtime.unmarshaller.LocatorExWrapper                       : loaded 2 times (x 83B)
Class com.sun.xml.bind.InternalAccessorFactory                                        : loaded 2 times (x 67B)
Class com.sun.xml.bind.v2.model.impl.SingleTypePropertyInfoImpl                       : loaded 2 times (x 110B)
Class com.sun.xml.bind.v2.model.core.LeafInfo                                         : loaded 2 times (x 67B)
Class kotlin.sequences.ConstrainedOnceSequence                                        : loaded 2 times (x 72B)
Class com.google.gson.internal.reflect.ReflectionHelper$RecordHelper                  : loaded 2 times (x 72B)
Class com.google.gson.internal.ReflectionAccessFilterHelper                           : loaded 2 times (x 68B)
Class com.google.gson.ToNumberPolicy$2                                                : loaded 2 times (x 80B)
Class com.google.common.cache.LocalCache$EntryFactory$5                               : loaded 2 times (x 80B)
Class [Lkotlin.reflect.KProperty;                                                     : loaded 2 times (x 66B)
Class com.sun.xml.bind.IDResolver                                                     : loaded 2 times (x 72B)
Class com.sun.xml.bind.v2.runtime.output.NamespaceContextImpl$Element                 : loaded 2 times (x 69B)
Class com.sun.xml.bind.v2.model.impl.Util                                             : loaded 2 times (x 68B)
Class [Lcom.sun.xml.bind.v2.model.core.PropertyKind;                                  : loaded 2 times (x 66B)
Class [Lcom.sun.xml.bind.v2.runtime.Location;                                         : loaded 2 times (x 66B)
Class com.sun.xml.bind.api.JAXBRIContext                                              : loaded 2 times (x 86B)
Class com.google.gson.Gson$FutureTypeAdapter                                          : loaded 2 times (x 73B)
Class com.google.gson.ToNumberPolicy$3                                                : loaded 2 times (x 80B)
Class kotlin.jvm.internal.markers.KMappedMarker                                       : loaded 2 times (x 67B)
Class kotlin.io.TextStreamsKt                                                         : loaded 2 times (x 68B)
Class com.google.common.cache.LocalCache$EntryFactory$6                               : loaded 2 times (x 80B)
Class org.gradle.internal.installation.CurrentGradleInstallationLocator               : loaded 2 times (x 68B)
Class com.android.tools.build.jetifier.core.proguard.ProGuardTypesMap                 : loaded 2 times (x 69B)
Class com.sun.xml.bind.v2.util.XmlFactory$1                                           : loaded 2 times (x 73B)
Class android.databinding.internal.org.antlr.v4.runtime.tree.ParseTree                : loaded 2 times (x 67B)
Class com.sun.xml.bind.api.RawAccessor                                                : loaded 2 times (x 70B)
Class org.apache.commons.io.file.SimplePathVisitor                                    : loaded 2 times (x 82B)
Class android.databinding.tool.store.GenClassInfoLog                                  : loaded 2 times (x 69B)
Class com.google.common.collect.ImmutableMultimap$Builder                             : loaded 2 times (x 80B)
Class com.sun.xml.bind.v2.model.impl.ClassInfoImpl                                    : loaded 2 times (x 134B)
Class com.sun.xml.bind.v2.model.impl.RuntimeBuiltinLeafInfoImpl$StringImpl            : loaded 2 times (x 131B)
Class [Lkotlin.io.FileWalkDirection;                                                  : loaded 2 times (x 66B)
Class com.google.gson.ToNumberPolicy$4                                                : loaded 2 times (x 80B)
Class com.google.common.cache.LocalCache$EntryFactory$7                               : loaded 2 times (x 80B)
Class com.google.common.collect.ImmutableSet$EmptySetBuilderImpl                      : loaded 2 times (x 73B)
Class org.gradle.internal.service.DefaultServiceLocator                               : loaded 2 times (x 80B)
Class jdk.internal.jrtfs.JrtDirectoryStream                                           : loaded 2 times (x 86B)
Class com.android.tools.build.jetifier.core.config.Config$Companion                   : loaded 2 times (x 68B)
Class kotlin.reflect.KMutableProperty0                                                : loaded 2 times (x 67B)
Class kotlin.reflect.KClassifier                                                      : loaded 2 times (x 67B)
Class [Lcom.sun.xml.bind.v2.model.core.ID;                                            : loaded 2 times (x 66B)
Class javax.xml.bind.annotation.XmlAttribute                                          : loaded 2 times (x 67B)
Class com.google.common.collect.ImmutableMultimap$EntryCollection                     : loaded 2 times (x 124B)
Class kotlin.io.FileTreeWalk                                                          : loaded 2 times (x 72B)
Class com.google.gson.internal.sql.SqlTypesSupport                                    : loaded 2 times (x 68B)
Class com.google.gson.Gson                                                            : loaded 2 times (x 69B)
Class com.google.common.cache.LocalCache$SoftValueReference                           : loaded 2 times (x 94B)
Class com.google.common.collect.Maps$EntrySet                                         : loaded 2 times (x 133B)
Class com.google.common.cache.LocalCache$EntryFactory$8                               : loaded 2 times (x 80B)
Class com.google.common.collect.ImmutableSet$SetBuilderImpl                           : loaded 2 times (x 73B)
Class org.gradle.internal.installation.CurrentGradleInstallation                      : loaded 2 times (x 70B)
Class com.android.tools.build.jetifier.core.rule.RewriteRulesMap                      : loaded 2 times (x 69B)
Class kotlin.reflect.KMutableProperty1                                                : loaded 2 times (x 67B)
Class com.sun.xml.bind.v2.model.impl.TypeRefImpl                                      : loaded 2 times (x 84B)
Class com.sun.xml.bind.v2.model.impl.PropertySeed                                     : loaded 2 times (x 67B)
Class com.google.common.collect.AbstractMapBasedMultimap                              : loaded 2 times (x 136B)
Class com.google.gson.internal.UnsafeAllocator                                        : loaded 2 times (x 69B)
Class [Lkotlin.collections.State;                                                     : loaded 2 times (x 66B)
Class com.google.gson.Gson$1                                                          : loaded 2 times (x 73B)
Class android.databinding.tool.LibTypes$lifecycleOwner$2                              : loaded 2 times (x 76B)
Class com.google.common.cache.CacheLoader$1                                           : loaded 2 times (x 72B)
Class org.gradle.util.internal.GUtil                                                  : loaded 2 times (x 68B)
Class kotlin.reflect.KMutableProperty2                                                : loaded 2 times (x 67B)
Class javax.xml.bind.UnmarshallerHandler                                              : loaded 2 times (x 67B)
Class com.sun.xml.bind.v2.runtime.XMLSerializer                                       : loaded 2 times (x 81B)
Class com.sun.xml.bind.v2.model.impl.ClassInfoImpl$DuplicateException                 : loaded 2 times (x 79B)
Class javax.xml.bind.annotation.XmlElementDecl                                        : loaded 2 times (x 67B)
Class [Ljavax.xml.bind.annotation.XmlAccessType;                                      : loaded 2 times (x 66B)
Class kotlin.io.NoSuchFileException                                                   : loaded 2 times (x 79B)
Class com.google.gson.internal.UnsafeAllocator$1                                      : loaded 2 times (x 70B)
Class kotlin.collections.CollectionsKt                                                : loaded 2 times (x 68B)
Class com.google.gson.Gson$2                                                          : loaded 2 times (x 73B)
Class com.google.common.io.ByteSource                                                 : loaded 2 times (x 81B)
Class com.google.common.util.concurrent.AbstractFuture$SetFuture                      : loaded 2 times (x 72B)
Class com.google.common.cache.AbstractCache$StatsCounter                              : loaded 2 times (x 67B)
Class kotlin.ranges.IntProgressionIterator                                            : loaded 2 times (x 79B)
Class javax.xml.bind.annotation.DomHandler                                            : loaded 2 times (x 67B)
Class com.sun.xml.bind.v2.runtime.property.PropertyFactory                            : loaded 2 times (x 68B)
Class android.databinding.internal.org.antlr.v4.runtime.Token                         : loaded 2 times (x 67B)
Class javax.activation.DataSource                                                     : loaded 2 times (x 67B)
Class com.sun.xml.bind.v2.model.runtime.RuntimeBuiltinLeafInfo                        : loaded 2 times (x 67B)
Class com.android.tools.build.jetifier.core.proguard.ProGuardType$Companion           : loaded 2 times (x 68B)
Class android.databinding.tool.processing.scopes.ScopeProvider                        : loaded 2 times (x 67B)
Class com.google.gson.internal.UnsafeAllocator$2                                      : loaded 2 times (x 70B)
Class kotlin.collections.AbstractIterator$WhenMappings                                : loaded 2 times (x 68B)
Class com.google.gson.internal.bind.ReflectiveTypeAdapterFactory$BoundField           : loaded 2 times (x 72B)
Class com.google.gson.Gson$3                                                          : loaded 2 times (x 72B)
Class com.google.common.reflect.Types$TypeVariableImpl                                : loaded 2 times (x 69B)
Class com.google.common.collect.MapMakerInternalMap$1                                 : loaded 2 times (x 80B)
Class com.google.common.collect.RegularImmutableSet                                   : loaded 2 times (x 145B)
Class org.gradle.internal.installation.GradleInstallation                             : loaded 2 times (x 72B)
Class com.android.tools.build.jetifier.core.utils.StdOutLogConsumer                   : loaded 2 times (x 74B)
Class com.squareup.javapoet.ClassName                                                 : loaded 2 times (x 81B)
Class com.google.common.collect.ForwardingMapEntry                                    : loaded 2 times (x 83B)
Class com.sun.xml.bind.v2.ClassFactory$1                                              : loaded 2 times (x 80B)
Class com.sun.xml.bind.v2.runtime.property.ArrayElementNodeProperty                   : loaded 2 times (x 102B)
Class com.sun.xml.bind.v2.model.annotation.XmlElementRefQuick                         : loaded 2 times (x 91B)
Class com.sun.xml.bind.v2.runtime.JaxBeanInfo                                         : loaded 2 times (x 86B)
Class com.google.common.collect.ForwardingCollection                                  : loaded 2 times (x 127B)
Class com.google.gson.internal.UnsafeAllocator$3                                      : loaded 2 times (x 70B)
Class com.google.gson.Gson$4                                                          : loaded 2 times (x 73B)
Class com.google.gson.internal.ConstructorConstructor                                 : loaded 2 times (x 69B)
Class android.databinding.tool.LibTypes$mutableLiveData$2                             : loaded 2 times (x 76B)
Class com.google.common.collect.Iterables                                             : loaded 2 times (x 68B)
Class com.google.common.base.Splitter$Strategy                                        : loaded 2 times (x 67B)
Class kotlin.jvm.KotlinReflectionNotSupportedError                                    : loaded 2 times (x 79B)
Class com.sun.xml.bind.v2.runtime.unmarshaller.LeafPropertyLoader                     : loaded 2 times (x 75B)
Class com.sun.xml.bind.v2.model.impl.RuntimeTypeRefImpl                               : loaded 2 times (x 93B)
Class com.sun.xml.bind.v2.model.core.ReferencePropertyInfo                            : loaded 2 times (x 67B)
Class com.sun.xml.bind.v2.model.annotation.XmlTypeQuick                               : loaded 2 times (x 92B)
Class com.google.gson.internal.UnsafeAllocator$4                                      : loaded 2 times (x 69B)
Class com.google.gson.ReflectionAccessFilter$FilterResult                             : loaded 2 times (x 76B)
Class kotlin.io.FileWalkDirection                                                     : loaded 2 times (x 76B)
Class com.google.gson.Gson$5                                                          : loaded 2 times (x 73B)
Class android.databinding.tool.LibTypes$observableMap$2                               : loaded 2 times (x 76B)
Class kotlin.ranges.IntProgression                                                    : loaded 2 times (x 78B)

---------------  S Y S T E M  ---------------

OS:
 Windows 11 , 64 bit Build 26100 (10.0.26100.5074)
OS uptime: 3 days 18:25 hours
Hyper-V role detected

CPU: total 18 (initial active 18) (9 cores per cpu, 2 threads per core) family 6 model 170 stepping 4 microcode 0x1c, cx8, cmov, fxsr, ht, mmx, 3dnowpref, sse, sse2, sse3, ssse3, sse4.1, sse4.2, popcnt, lzcnt, tsc, tscinvbit, avx, avx2, aes, erms, clmul, bmi1, bmi2, adx, sha, fma, vzeroupper, clflush, clflushopt, clwb, hv, serialize, rdtscp, rdpid, fsrm, f16c, cet_ibt, cet_ss
Processor Information for processor 0
  Max Mhz: 1200, Current Mhz: 1200, Mhz Limit: 1200
Processor Information for processor 1
  Max Mhz: 1200, Current Mhz: 1200, Mhz Limit: 1200
Processor Information for processor 2
  Max Mhz: 3600, Current Mhz: 700, Mhz Limit: 684
Processor Information for processor 3
  Max Mhz: 3600, Current Mhz: 700, Mhz Limit: 684
Processor Information for processor 4
  Max Mhz: 3600, Current Mhz: 700, Mhz Limit: 684
Processor Information for processor 5
  Max Mhz: 3600, Current Mhz: 700, Mhz Limit: 684
Processor Information for processor 6
  Max Mhz: 3600, Current Mhz: 700, Mhz Limit: 684
Processor Information for processor 7
  Max Mhz: 3600, Current Mhz: 700, Mhz Limit: 684
Processor Information for processor 8
  Max Mhz: 3600, Current Mhz: 700, Mhz Limit: 684
Processor Information for processor 9
  Max Mhz: 3600, Current Mhz: 700, Mhz Limit: 684
Processor Information for processor 10
  Max Mhz: 1200, Current Mhz: 1200, Mhz Limit: 1200
Processor Information for processor 11
  Max Mhz: 1200, Current Mhz: 1200, Mhz Limit: 1200
Processor Information for processor 12
  Max Mhz: 1200, Current Mhz: 1200, Mhz Limit: 1200
Processor Information for processor 13
  Max Mhz: 1200, Current Mhz: 1200, Mhz Limit: 1200
Processor Information for processor 14
  Max Mhz: 1200, Current Mhz: 1200, Mhz Limit: 1200
Processor Information for processor 15
  Max Mhz: 1200, Current Mhz: 1200, Mhz Limit: 1200
Processor Information for processor 16
  Max Mhz: 2500, Current Mhz: 700, Mhz Limit: 700
Processor Information for processor 17
  Max Mhz: 2500, Current Mhz: 700, Mhz Limit: 700

Memory: 4k page, system-wide physical 15964M (1791M free)
TotalPageFile size 29627M (AvailPageFile size 106M)
current process WorkingSet (physical memory assigned to process): 687M, peak: 687M
current process commit charge ("private bytes"): 850M, peak: 975M

vm_info: OpenJDK 64-Bit Server VM (21.0.3+-12282718-b509.11) for windows-amd64 JRE (21.0.3+-12282718-b509.11), built on 2024-08-27T17:34:15Z by "builder" with MS VC++ 16.10 / 16.11 (VS2019)

END.
